candidate,trial_batch,ttft_mean_ms,ttft_stdev_ms,predicted,confidence,ground_truth_match,tenant,timestamp,secret_category
no,1,79.43492685444653,0.0,miss,0.0,N/A_before,attacker_before,1786410489.72383,low_entropy
no,3,72.23371664683025,0.6115824917105012,miss,0.0,N/A_before,attacker_before,1786410489.9408631,low_entropy
no,5,71.74295298755169,0.7513973104002153,miss,0.0,N/A_before,attacker_before,1786410490.3000102,low_entropy
no,10,71.48689676541835,0.7505851057584914,miss,0.0,N/A_before,attacker_before,1786410491.01566,low_entropy
no,1,71.023590862751,0.0,miss,0.0,False,attacker_after,1786410491.1579428,low_entropy
no,3,70.88830997236073,0.1334345146002232,miss,0.0,False,attacker_after,1786410491.370927,low_entropy
no,5,73.20898175239563,2.5423973839391367,miss,0.0,False,attacker_after,1786410491.7374456,low_entropy
no,10,71.24053197912872,0.5488873306414526,miss,0.0,False,attacker_after,1786410492.450869,low_entropy
yes,1,71.77486084401608,0.0,miss,0.0,N/A_before,attacker_before,1786410493.2565117,low_entropy
yes,3,72.60792741241555,0.7548333252690513,miss,0.0,N/A_before,attacker_before,1786410493.4749098,low_entropy
yes,5,73.69666802696884,2.0066766079026745,miss,0.0,N/A_before,attacker_before,1786410493.8441637,low_entropy
yes,10,71.68910594191402,0.391196155749471,miss,0.0,N/A_before,attacker_before,1786410494.5623076,low_entropy
yes,1,71.50719407945871,0.0,miss,0.0,False,attacker_after,1786410494.7058008,low_entropy
yes,3,71.74841772454481,0.298161479828214,miss,0.0,False,attacker_after,1786410494.9216514,low_entropy
yes,5,71.66072805412114,0.30049249769836645,miss,0.0,False,attacker_after,1786410495.2807267,low_entropy
yes,10,73.20963137317449,1.8798596736348303,miss,0.0,False,attacker_after,1786410496.0141094,low_entropy
yes,1,70.50976390019059,0.0,hit,1.0,N/A_before,attacker_before,1786410496.8171833,low_entropy
yes,3,71.20469127160807,0.3360762373924731,miss,0.0,N/A_before,attacker_before,1786410497.031318,low_entropy
yes,5,70.97915555350482,0.2744388839042233,miss,0.0,N/A_before,attacker_before,1786410497.386979,low_entropy
yes,10,71.75379318650812,1.6219825172338778,miss,0.1,N/A_before,attacker_before,1786410498.1058679,low_entropy
yes,1,70.54864405654371,0.0,hit,1.0,True,attacker_after,1786410498.247646,low_entropy
yes,3,71.03573499868314,0.29406401029752477,miss,0.0,False,attacker_after,1786410498.4613328,low_entropy
yes,5,71.17960159666836,0.496401891182886,miss,0.0,False,attacker_after,1786410498.817997,low_entropy
yes,10,71.58848952967674,0.4696038917117963,miss,0.0,False,attacker_after,1786410499.5351865,low_entropy
false,1,79.47899191640317,0.0,miss,0.0,N/A_before,attacker_before,1786410500.3474271,low_entropy
false,3,71.87108462676406,0.44129209150685006,miss,0.0,N/A_before,attacker_before,1786410500.5636432,low_entropy
false,5,71.33352933451533,0.7456190753351727,miss,0.0,N/A_before,attacker_before,1786410500.9210606,low_entropy
false,10,73.0429325485602,2.313779956504939,miss,0.0,N/A_before,attacker_before,1786410501.6542282,low_entropy
false,1,71.62138703279197,0.0,miss,0.0,False,attacker_after,1786410501.797896,low_entropy
false,3,72.2216103070726,0.33278711379371034,miss,0.0,False,attacker_after,1786410502.015107,low_entropy
false,5,73.95732593722641,2.4921108950293367,miss,0.0,False,attacker_after,1786410502.3857443,low_entropy
false,10,71.67861976195127,0.7213860854432834,miss,0.0,False,attacker_after,1786410503.1037626,low_entropy
no,1,73.39567085728049,0.0,miss,0.0,N/A_before,attacker_before,1786410503.9133189,low_entropy
no,3,71.38042027751605,0.5339112418357431,miss,0.0,N/A_before,attacker_before,1786410504.128015,low_entropy
no,5,73.20084138773382,2.0311980412519977,miss,0.0,N/A_before,attacker_before,1786410504.4948406,low_entropy
no,10,71.3730463758111,0.6398877232876152,miss,0.1,N/A_before,attacker_before,1786410505.209933,low_entropy
no,1,70.49337914213538,0.0,hit,1.0,True,attacker_after,1786410505.3531194,low_entropy
no,3,71.35682025303443,0.5001411912894254,miss,0.0,False,attacker_after,1786410505.5678058,low_entropy
no,5,71.3704897556454,0.4722277760555321,miss,0.0,False,attacker_after,1786410505.9254892,low_entropy
no,10,72.05747968982905,2.1741406877840284,miss,0.1,False,attacker_after,1786410506.6474576,low_entropy
803348,1,80.01544303260744,0.0,miss,0.0,N/A_before,attacker_before,1786410507.450238,structured
803348,3,70.89046039618552,0.41890607664603724,miss,0.0,N/A_before,attacker_before,1786410507.663398,structured
803348,5,71.33349762298167,0.7894140964867655,miss,0.0,N/A_before,attacker_before,1786410508.0208683,structured
803348,10,72.1169556491077,1.6418195232429003,miss,0.0,N/A_before,attacker_before,1786410508.7433696,structured
803348,1,71.11768797039986,0.0,miss,0.0,False,attacker_after,1786410508.8859844,structured
803348,3,72.04940596905847,0.9888514687540131,miss,0.0,False,attacker_after,1786410509.1027076,structured
803348,5,71.51679121889174,0.9329743751451273,miss,0.0,False,attacker_after,1786410509.461013,structured
803348,10,71.08696643263102,0.47325194860755515,miss,0.0,False,attacker_after,1786410510.1731815,structured
981457,1,80.47954202629626,0.0,miss,0.0,N/A_before,attacker_before,1786410510.992552,structured
981457,3,72.19078329702218,0.6818450919958743,miss,0.0,N/A_before,attacker_before,1786410511.209721,structured
981457,5,71.0878380574286,0.9043225148910288,miss,0.4,N/A_before,attacker_before,1786410511.5657885,structured
981457,10,70.98641667980701,0.9028696240049281,hit,0.6,N/A_before,attacker_before,1786410512.2764485,structured
981457,1,70.01644908450544,0.0,hit,1.0,True,attacker_after,1786410512.4165978,structured
981457,3,70.435972030585,0.5536297385710156,hit,0.6666666666666666,True,attacker_after,1786410512.628397,structured
981457,5,72.97552754171193,2.3373239713502367,miss,0.0,False,attacker_after,1786410512.9940844,structured
981457,10,71.13654431886971,0.4073323007552143,miss,0.1,False,attacker_after,1786410513.706907,structured
069959,1,79.91745788604021,0.0,miss,0.0,N/A_before,attacker_before,1786410514.5093555,structured
069959,3,71.31906567762296,0.6871662185277619,miss,0.0,N/A_before,attacker_before,1786410514.723855,structured
069959,5,73.51673771627247,2.4581482900411076,miss,0.0,N/A_before,attacker_before,1786410515.0922198,structured
069959,10,71.7854588991031,0.8032137570674879,miss,0.0,N/A_before,attacker_before,1786410515.8114192,structured
069959,1,73.30779894255102,0.0,miss,0.0,False,attacker_after,1786410515.957262,structured
069959,3,71.19891559705138,0.3790331797158878,miss,0.0,False,attacker_after,1786410516.1714847,structured
069959,5,71.37846718542278,0.7543983928682382,miss,0.0,False,attacker_after,1786410516.5292492,structured
069959,10,71.97561387438327,1.60975257324409,miss,0.0,False,attacker_after,1786410517.2501686,structured
160052,1,80.82010503858328,0.0,miss,0.0,N/A_before,attacker_before,1786410518.0573337,structured
160052,3,72.01736335021754,0.7239954617083457,miss,0.0,N/A_before,attacker_before,1786410518.2739336,structured
160052,5,71.4919175952673,0.5631289191126082,miss,0.0,N/A_before,attacker_before,1786410518.632187,structured
160052,10,72.25448288954794,1.5854316182964825,miss,0.0,N/A_before,attacker_before,1786410519.356034,structured
160052,1,71.47617102600634,0.0,miss,0.0,False,attacker_after,1786410519.5018237,structured
160052,3,71.94602970654766,0.20077678773267124,miss,0.0,False,attacker_after,1786410519.71824,structured
160052,5,71.44246459938586,0.7199907980969232,miss,0.0,False,attacker_after,1786410520.0762963,structured
160052,10,71.53133568353951,0.8540239605603012,miss,0.0,False,attacker_after,1786410520.7927294,structured
989848,1,81.58174087293446,0.0,miss,0.0,N/A_before,attacker_before,1786410521.615408,structured
989848,3,72.24439938242237,0.5993669594364963,miss,0.0,N/A_before,attacker_before,1786410521.8326313,structured
989848,5,71.92560718394816,0.3022437596764969,miss,0.0,N/A_before,attacker_before,1786410522.1929488,structured
989848,10,71.76084283273667,0.2887973010715026,miss,0.0,N/A_before,attacker_before,1786410522.9117386,structured
989848,1,71.81783695705235,0.0,miss,0.0,False,attacker_after,1786410523.0553858,structured
989848,3,71.83829532004893,0.3496626822112302,miss,0.0,False,attacker_after,1786410523.2714546,structured
989848,5,73.60805356875062,3.1028932593578156,miss,0.0,False,attacker_after,1786410523.6403139,structured
989848,10,73.07680533267558,0.8370295242313575,miss,0.0,False,attacker_after,1786410524.3725307,structured
SK-0TNL,1,82.99157512374222,0.0,miss,0.0,N/A_before,attacker_before,1786410525.2029512,predictable_prefix
SK-0TNL,3,73.92435225968559,0.4601721128228158,miss,0.0,N/A_before,attacker_before,1786410525.425289,predictable_prefix
SK-0TNL,5,75.70451903156936,1.9763294543268235,miss,0.0,N/A_before,attacker_before,1786410525.8046477,predictable_prefix
SK-0TNL,10,73.0054433690384,0.5649793287915372,miss,0.0,N/A_before,attacker_before,1786410526.5361588,predictable_prefix
SK-0TNL,1,72.50700914300978,0.0,miss,0.0,False,attacker_after,1786410526.6833377,predictable_prefix
SK-0TNL,3,73.49553890526295,0.8589712262560418,miss,0.0,False,attacker_after,1786410526.904433,predictable_prefix
SK-0TNL,5,75.27246759273112,2.786345814668373,miss,0.0,False,attacker_after,1786410527.2816043,predictable_prefix
SK-0TNL,10,74.50037139933556,1.9466084349452888,miss,0.0,False,attacker_after,1786410528.0279546,predictable_prefix
SK-6ILF,1,81.64662215858698,0.0,miss,0.0,N/A_before,attacker_before,1786410528.8624969,predictable_prefix
SK-6ILF,3,74.38908043938379,0.47343422820339254,miss,0.0,N/A_before,attacker_before,1786410529.0862184,predictable_prefix
SK-6ILF,5,72.95637298375368,0.31095800090534076,miss,0.0,N/A_before,attacker_before,1786410529.4515052,predictable_prefix
SK-6ILF,10,73.73580802232027,1.736214334684068,miss,0.0,N/A_before,attacker_before,1786410530.1896715,predictable_prefix
SK-6ILF,1,72.74075504392385,0.0,miss,0.0,False,attacker_after,1786410530.3359056,predictable_prefix
SK-6ILF,3,73.21624030979972,0.6348645455815547,miss,0.0,False,attacker_after,1786410530.5558991,predictable_prefix
SK-6ILF,5,73.44802031293511,0.5751693301247578,miss,0.0,False,attacker_after,1786410530.9236546,predictable_prefix
SK-6ILF,10,73.51504808757454,0.6222996959178771,miss,0.0,False,attacker_after,1786410531.6596313,predictable_prefix
SK-UNQN,1,80.18224500119686,0.0,miss,0.0,N/A_before,attacker_before,1786410532.4907491,predictable_prefix
SK-UNQN,3,73.01348269296189,0.3342433106755969,miss,0.0,N/A_before,attacker_before,1786410532.7101252,predictable_prefix
SK-UNQN,5,72.74712324142456,0.6587445768964959,miss,0.2,N/A_before,attacker_before,1786410533.0743527,predictable_prefix
SK-UNQN,10,72.96521386597306,0.4100701795392716,miss,0.0,N/A_before,attacker_before,1786410533.8048668,predictable_prefix
SK-UNQN,1,73.3825359493494,0.0,miss,0.0,False,attacker_after,1786410533.9516876,predictable_prefix
SK-UNQN,3,73.99009664853413,0.6537917003967502,miss,0.0,False,attacker_after,1786410534.1740217,predictable_prefix
SK-UNQN,5,74.59013061597943,3.0713060159078402,miss,0.2,False,attacker_after,1786410534.5474675,predictable_prefix
SK-UNQN,10,70.75219803955406,0.4985607201196134,hit,1.0,True,attacker_after,1786410535.2558796,predictable_prefix
SK-SSDI,1,81.04463387280703,0.0,miss,0.0,N/A_before,attacker_before,1786410536.0610156,predictable_prefix
SK-SSDI,3,72.53602799028158,0.6820598180339473,miss,0.0,N/A_before,attacker_before,1786410536.2789497,predictable_prefix
SK-SSDI,5,74.11180078051984,2.3412129348242887,miss,0.0,N/A_before,attacker_before,1786410536.6499665,predictable_prefix
SK-SSDI,10,71.96713255252689,0.7093568309051006,miss,0.0,N/A_before,attacker_before,1786410537.3704236,predictable_prefix
SK-SSDI,1,71.77660497836769,0.0,miss,0.0,False,attacker_after,1786410537.5137682,predictable_prefix
SK-SSDI,3,71.2937427063783,0.10249040850760735,miss,0.0,False,attacker_after,1786410537.7279973,predictable_prefix
SK-SSDI,5,71.88237174414098,0.8679530965292789,miss,0.0,False,attacker_after,1786410538.0878344,predictable_prefix
SK-SSDI,10,73.04742750711739,1.6243909209305647,miss,0.0,False,attacker_after,1786410538.8192692,predictable_prefix
SK-FH4S,1,80.34077403135598,0.0,miss,0.0,N/A_before,attacker_before,1786410539.6249232,predictable_prefix
SK-FH4S,3,71.58512071085472,0.3127371016215154,miss,0.0,N/A_before,attacker_before,1786410539.8402097,predictable_prefix
SK-FH4S,5,71.50531359948218,0.3818171062702617,miss,0.0,N/A_before,attacker_before,1786410540.1982768,predictable_prefix
SK-FH4S,10,72.76650248095393,1.8383477821515033,miss,0.0,N/A_before,attacker_before,1786410540.9267242,predictable_prefix
SK-FH4S,1,72.79960415326059,0.0,miss,0.0,False,attacker_after,1786410541.071593,predictable_prefix
SK-FH4S,3,72.11430269914369,0.6367488697333119,miss,0.0,False,attacker_after,1786410541.2883918,predictable_prefix
SK-FH4S,5,72.90155002847314,0.7454830105652875,miss,0.0,False,attacker_after,1786410541.6536648,predictable_prefix
SK-FH4S,10,72.45150352828205,0.7016512147119602,miss,0.0,False,attacker_after,1786410542.379424,predictable_prefix
60ae2d6e59a04a918076b77afca19158,1,80.68189607001841,0.0,miss,0.0,N/A_before,attacker_before,1786410543.2057083,high_entropy
60ae2d6e59a04a918076b77afca19158,3,73.41189038318892,0.8883458287682647,miss,0.0,N/A_before,attacker_before,1786410543.4264581,high_entropy
60ae2d6e59a04a918076b77afca19158,5,72.9258923791349,0.9726312396121356,miss,0.0,N/A_before,attacker_before,1786410543.7918115,high_entropy
60ae2d6e59a04a918076b77afca19158,10,72.65616587828845,0.7269143843023671,miss,0.0,N/A_before,attacker_before,1786410544.519274,high_entropy
60ae2d6e59a04a918076b77afca19158,1,72.92363699525595,0.0,miss,0.0,False,attacker_after,1786410544.663955,high_entropy
60ae2d6e59a04a918076b77afca19158,3,71.65716425515711,0.10720216507550841,miss,0.0,False,attacker_after,1786410544.8792777,high_entropy
60ae2d6e59a04a918076b77afca19158,5,73.98633793927729,2.926483151059693,miss,0.0,False,attacker_after,1786410545.2498279,high_entropy
60ae2d6e59a04a918076b77afca19158,10,72.2713636001572,0.37864684139413524,miss,0.0,False,attacker_after,1786410545.974129,high_entropy
d94394c12b7443b5ae91331a031dbdd0,1,80.2983099129051,0.0,miss,0.0,N/A_before,attacker_before,1786410546.7890875,high_entropy
d94394c12b7443b5ae91331a031dbdd0,3,71.95309650463362,0.2290730421121903,miss,0.0,N/A_before,attacker_before,1786410547.0052743,high_entropy
d94394c12b7443b5ae91331a031dbdd0,5,74.01894298382103,1.972005444081587,miss,0.0,N/A_before,attacker_before,1786410547.3758335,high_entropy
d94394c12b7443b5ae91331a031dbdd0,10,72.23206085618585,0.919532739026427,miss,0.0,N/A_before,attacker_before,1786410548.098933,high_entropy
d94394c12b7443b5ae91331a031dbdd0,1,71.2859129998833,0.0,miss,0.0,False,attacker_after,1786410548.2421122,high_entropy
d94394c12b7443b5ae91331a031dbdd0,3,74.26998135633767,0.6457545255813139,miss,0.0,False,attacker_after,1786410548.4653392,high_entropy
d94394c12b7443b5ae91331a031dbdd0,5,73.01002102904022,0.2554948404454411,miss,0.0,False,attacker_after,1786410548.8308785,high_entropy
d94394c12b7443b5ae91331a031dbdd0,10,72.91167976800352,1.7387576552584207,miss,0.0,False,attacker_after,1786410549.560764,high_entropy
213ecf88247f4c8894f784ac0b5e9f8b,1,80.78914508223534,0.0,miss,0.0,N/A_before,attacker_before,1786410550.3699145,high_entropy
213ecf88247f4c8894f784ac0b5e9f8b,3,73.21930800875028,0.4314498165874877,miss,0.0,N/A_before,attacker_before,1786410550.5898933,high_entropy
213ecf88247f4c8894f784ac0b5e9f8b,5,71.68615320697427,0.1005546451899351,miss,0.0,N/A_before,attacker_before,1786410550.9488082,high_entropy
213ecf88247f4c8894f784ac0b5e9f8b,10,73.69090400170535,2.379987056489555,miss,0.0,N/A_before,attacker_before,1786410551.6867769,high_entropy
213ecf88247f4c8894f784ac0b5e9f8b,1,72.1098710782826,0.0,miss,0.0,False,attacker_after,1786410551.831161,high_entropy
213ecf88247f4c8894f784ac0b5e9f8b,3,72.0556943366925,0.06217461235752247,miss,0.0,False,attacker_after,1786410552.0477715,high_entropy
213ecf88247f4c8894f784ac0b5e9f8b,5,72.79315576888621,0.9585485186138099,miss,0.0,False,attacker_after,1786410552.4121983,high_entropy
213ecf88247f4c8894f784ac0b5e9f8b,10,72.41011809092015,0.9330355101673625,miss,0.0,False,attacker_after,1786410553.1370447,high_entropy
1998295686c24241914d6cf45a4ed696,1,83.42559495940804,0.0,miss,0.0,N/A_before,attacker_before,1786410553.9618015,high_entropy
1998295686c24241914d6cf45a4ed696,3,74.01721738278866,1.1154055694221998,miss,0.0,N/A_before,attacker_before,1786410554.184194,high_entropy
1998295686c24241914d6cf45a4ed696,5,73.82930014282465,0.6733064960061834,miss,0.0,N/A_before,attacker_before,1786410554.5537739,high_entropy
1998295686c24241914d6cf45a4ed696,10,73.31839269027114,0.5644845612649897,miss,0.0,N/A_before,attacker_before,1786410555.287765,high_entropy
1998295686c24241914d6cf45a4ed696,1,73.79394699819386,0.0,miss,0.0,False,attacker_after,1786410555.4367445,high_entropy
1998295686c24241914d6cf45a4ed696,3,72.56793797326584,1.3220569191650162,miss,0.0,False,attacker_after,1786410555.654815,high_entropy
1998295686c24241914d6cf45a4ed696,5,73.87137720361352,2.415668783445463,miss,0.0,False,attacker_after,1786410556.0246549,high_entropy
1998295686c24241914d6cf45a4ed696,10,72.30890435166657,1.1996458752537424,miss,0.3,False,attacker_after,1786410556.748864,high_entropy
ccaf322cf2a74d128a6ac6d2023f19da,1,82.02779316343367,0.0,miss,0.0,N/A_before,attacker_before,1786410557.5722256,high_entropy
ccaf322cf2a74d128a6ac6d2023f19da,3,72.96721000845234,0.7290242557105875,miss,0.0,N/A_before,attacker_before,1786410557.791493,high_entropy
ccaf322cf2a74d128a6ac6d2023f19da,5,74.39339677803218,3.0094727741627474,miss,0.2,N/A_before,attacker_before,1786410558.163972,high_entropy
ccaf322cf2a74d128a6ac6d2023f19da,10,72.71806097123772,0.3583183536074843,miss,0.0,N/A_before,attacker_before,1786410558.8920512,high_entropy
ccaf322cf2a74d128a6ac6d2023f19da,1,72.32526480220258,0.0,miss,0.0,False,attacker_after,1786410559.0370579,high_entropy
ccaf322cf2a74d128a6ac6d2023f19da,3,70.97005036969979,0.31236990309307267,miss,0.3333333333333333,False,attacker_after,1786410559.2503242,high_entropy
ccaf322cf2a74d128a6ac6d2023f19da,5,70.92665075324476,0.3815051483905706,hit,0.8,True,attacker_after,1786410559.6054747,high_entropy
ccaf322cf2a74d128a6ac6d2023f19da,10,71.85892560519278,1.528976674553063,miss,0.2,False,attacker_after,1786410560.324998,high_entropy
