mitigation,concurrency,attack_success_mean,attack_success_std,attack_n_trials,attack_source,schema,n_valid_perf_repeats,n_excluded_perf_repeats,ttft_p50_ms_mean,ttft_p50_ms_std,ttft_p95_ms_mean,ttft_p95_ms_std,ttft_p99_ms_mean,ttft_p99_ms_std,full_latency_p50_ms_mean,full_latency_p50_ms_std,full_latency_p99_ms_mean,full_latency_p99_ms_std,throughput_mean,throughput_std,cache_hit_rate_mean,cache_hit_rate_std
shared,1,0.9333333333333333,0.0,30,results/sglang/kv2/pin_chained_shared.csv,v2,3,0,163.01636572461575,0.6688800412533029,166.7639766431724,0.994311843521624,166.7639766431724,0.994311843521624,2639.4641689645746,10.858633331126056,2651.7164486382776,11.1910217429315,0.36000000000000004,6.798699777552591e-17,0.9500000000000001,0.08660254037844388
shared,10,0.9333333333333333,0.0,30,results/sglang/kv2/pin_chained_shared.csv,v2,3,0,135.27077770171067,0.5486053917004625,151.53320731284717,10.279517029267184,182.62138167240968,6.062969158345867,2193.4049716607356,1.3649588086917124,2283.5079063273347,10.004118130461606,4.283333333333334,0.005773502691896135,1.0,0.0
shared,25,0.9333333333333333,0.0,30,results/sglang/kv2/pin_chained_shared.csv,v2,3,0,140.14985932347676,1.113266738501241,161.80890569618592,3.7330335274850937,249.45833332215747,3.720905253252399,2259.538608331544,1.9068979241616024,2416.180799676416,4.96893947595059,10.38,0.0,1.0,0.0
tenant_isolated,1,0.0,0.0,10,results/kv5_v2/run1/security_tenant_isolated.csv,v2,3,0,162.88119868841022,0.23255780701644763,166.24524995374182,1.709110986585092,166.24524995374182,1.709110986585092,2629.042709673134,6.217022425815655,2637.0554076662906,8.25627354637607,0.36000000000000004,6.798699777552591e-17,0.9500000000000001,0.08660254037844388
tenant_isolated,10,0.0,0.0,10,results/kv5_v2/run1/security_tenant_isolated.csv,v2,3,0,134.87325697982064,1.2059484183330993,146.50798899432024,2.9492946308130836,183.21773770730942,5.587488752233612,2187.529163008245,3.1346671603569085,2271.2548763568825,10.178197487500912,4.296666666666667,0.005773502691896135,0.9550000000000001,0.07794228634059949
tenant_isolated,25,0.0,0.0,10,results/kv5_v2/run1/security_tenant_isolated.csv,v2,3,0,138.87763997384658,1.6043568825789918,174.86343765631318,15.886581299503618,246.89603903486082,6.619408205886923,2251.2270723236725,3.681832986264516,2426.5960873647905,24.67731869052417,10.383333333333333,0.060277137733416725,0.9700000000000001,0.051961524227066305
disabled,1,0.0,0.0,10,results/kv5_v2/run1/security_disabled.csv,v2,3,0,149.75992105125138,0.5236621290453031,152.92862232308835,0.31671972010095023,152.92862232308835,0.31671972010095023,2615.7363489813483,1.9588009118246665,2625.4641176589453,3.844466649502651,0.36000000000000004,6.798699777552591e-17,0.0,0.0
disabled,10,0.0,0.0,10,results/kv5_v2/run1/security_disabled.csv,v2,3,0,141.5024466890221,0.7662730913589194,154.8263430207347,2.8174001944396543,174.60230796132237,5.69567848171425,2201.5384930030755,1.810824376773175,2271.9981799988695,7.872875399460902,4.26,0.0,0.0,0.0
disabled,25,0.0,0.0,10,results/kv5_v2/run1/security_disabled.csv,v2,3,0,151.62139801153293,0.3686998671169268,170.59057233079025,1.7999954860474252,241.86692794319242,5.2749245951002335,2269.6178110005953,1.3381392615671814,2412.7441759919748,5.504488960450462,10.293333333333333,0.00577350269189716,0.0,0.0
