framework,cache_mode,condition,trial,secret_category,probe_candidate,wall_clock_latency_ms,ground_truth_secret
vllm,shared,A_no_victim,0,predictable_prefix,sytwgtz,95.65780400589574,SK-NWZ3
vllm,shared,B_after_victim_correct,0,predictable_prefix,SK-NWZ3,70.33543799479958,SK-NWZ3
vllm,shared,B_after_victim_wrong,0,predictable_prefix,sytwgtz,69.27832599467365,SK-NWZ3
vllm,shared,A_no_victim,1,predictable_prefix,aefvxct,94.82194099837216,SK-48V8
vllm,shared,B_after_victim_correct,1,predictable_prefix,SK-48V8,70.05837999895448,SK-48V8
vllm,shared,B_after_victim_wrong,1,predictable_prefix,aefvxct,69.68445800157497,SK-48V8
vllm,shared,A_no_victim,2,predictable_prefix,ghagcmx,93.07223199721193,SK-MHAB
vllm,shared,B_after_victim_correct,2,predictable_prefix,SK-MHAB,70.53488000383368,SK-MHAB
vllm,shared,B_after_victim_wrong,2,predictable_prefix,ghagcmx,68.31262299965601,SK-MHAB
vllm,shared,A_no_victim,3,predictable_prefix,vzxcfqw,93.86337400064804,SK-FZGO
vllm,shared,B_after_victim_correct,3,predictable_prefix,SK-FZGO,69.59453700255835,SK-FZGO
vllm,shared,B_after_victim_wrong,3,predictable_prefix,vzxcfqw,68.79729899810627,SK-FZGO
vllm,shared,A_no_victim,4,predictable_prefix,oclecpu,93.96159899915801,SK-6M09
vllm,shared,B_after_victim_correct,4,predictable_prefix,SK-6M09,70.44851100363303,SK-6M09
vllm,shared,B_after_victim_wrong,4,predictable_prefix,oclecpu,69.66341799852671,SK-6M09
vllm,shared,A_no_victim,5,predictable_prefix,fympklk,93.38476300035836,SK-N1HO
vllm,shared,B_after_victim_correct,5,predictable_prefix,SK-N1HO,69.50090399914188,SK-N1HO
vllm,shared,B_after_victim_wrong,5,predictable_prefix,fympklk,69.82466699992074,SK-N1HO
vllm,shared,A_no_victim,6,predictable_prefix,yoysfkm,94.58562000509119,SK-OSJV
vllm,shared,B_after_victim_correct,6,predictable_prefix,SK-OSJV,70.03393200284336,SK-OSJV
vllm,shared,B_after_victim_wrong,6,predictable_prefix,yoysfkm,69.30402299622074,SK-OSJV
vllm,shared,A_no_victim,7,predictable_prefix,llivqyq,94.7635730044567,SK-07OU
vllm,shared,B_after_victim_correct,7,predictable_prefix,SK-07OU,69.22735000262037,SK-07OU
vllm,shared,B_after_victim_wrong,7,predictable_prefix,llivqyq,68.50872000359232,SK-07OU
vllm,shared,A_no_victim,8,predictable_prefix,mtacagl,93.92713399574859,SK-QS56
vllm,shared,B_after_victim_correct,8,predictable_prefix,SK-QS56,70.75532900489634,SK-QS56
vllm,shared,B_after_victim_wrong,8,predictable_prefix,mtacagl,69.15168600244215,SK-QS56
vllm,shared,A_no_victim,9,predictable_prefix,lemxzqo,92.95248700072989,SK-HQOR
vllm,shared,B_after_victim_correct,9,predictable_prefix,SK-HQOR,69.37709500198252,SK-HQOR
vllm,shared,B_after_victim_wrong,9,predictable_prefix,lemxzqo,69.44485600251937,SK-HQOR
vllm,shared,A_no_victim,10,predictable_prefix,heawcux,94.1752969956724,SK-XNKZ
vllm,shared,B_after_victim_correct,10,predictable_prefix,SK-XNKZ,70.48785599909024,SK-XNKZ
vllm,shared,B_after_victim_wrong,10,predictable_prefix,heawcux,68.66040200111456,SK-XNKZ
vllm,shared,A_no_victim,11,predictable_prefix,wdhxpjj,94.04950300086057,SK-ZAMY
vllm,shared,B_after_victim_correct,11,predictable_prefix,SK-ZAMY,70.66451200080337,SK-ZAMY
vllm,shared,B_after_victim_wrong,11,predictable_prefix,wdhxpjj,69.33271000161767,SK-ZAMY
vllm,shared,A_no_victim,12,predictable_prefix,pczxedf,92.97637599956943,SK-ZCHH
vllm,shared,B_after_victim_correct,12,predictable_prefix,SK-ZCHH,69.25104599940823,SK-ZCHH
vllm,shared,B_after_victim_wrong,12,predictable_prefix,pczxedf,68.9622439967934,SK-ZCHH
vllm,shared,A_no_victim,13,predictable_prefix,nrmgitp,96.58526700513903,SK-C28F
vllm,shared,B_after_victim_correct,13,predictable_prefix,SK-C28F,69.62911300070118,SK-C28F
vllm,shared,B_after_victim_wrong,13,predictable_prefix,nrmgitp,69.8070500002359,SK-C28F
vllm,shared,A_no_victim,14,predictable_prefix,zpwqknz,84.62272900214884,SK-7VFW
vllm,shared,B_after_victim_correct,14,predictable_prefix,SK-7VFW,70.56727899907855,SK-7VFW
vllm,shared,B_after_victim_wrong,14,predictable_prefix,zpwqknz,71.38744599797064,SK-7VFW
vllm,shared,A_no_victim,15,predictable_prefix,kjmbgts,91.61626900458941,SK-D3CP
vllm,shared,B_after_victim_correct,15,predictable_prefix,SK-D3CP,69.41666299826466,SK-D3CP
vllm,shared,B_after_victim_wrong,15,predictable_prefix,kjmbgts,70.53950300178258,SK-D3CP
vllm,shared,A_no_victim,16,predictable_prefix,vxnlygv,85.61540799564682,SK-WM02
vllm,shared,B_after_victim_correct,16,predictable_prefix,SK-WM02,69.25939799839398,SK-WM02
vllm,shared,B_after_victim_wrong,16,predictable_prefix,vxnlygv,69.23965400346788,SK-WM02
vllm,shared,A_no_victim,17,predictable_prefix,xvxyqal,83.20985500176903,SK-GROH
vllm,shared,B_after_victim_correct,17,predictable_prefix,SK-GROH,69.3350629953784,SK-GROH
vllm,shared,B_after_victim_wrong,17,predictable_prefix,xvxyqal,69.71220199920936,SK-GROH
vllm,shared,A_no_victim,18,predictable_prefix,rtykcsk,94.92630999739049,SK-V392
vllm,shared,B_after_victim_correct,18,predictable_prefix,SK-V392,68.8626910050516,SK-V392
vllm,shared,B_after_victim_wrong,18,predictable_prefix,rtykcsk,69.12885299971094,SK-V392
vllm,shared,A_no_victim,19,predictable_prefix,olblliz,83.01588500034995,SK-HCZZ
vllm,shared,B_after_victim_correct,19,predictable_prefix,SK-HCZZ,69.63532100053271,SK-HCZZ
vllm,shared,B_after_victim_wrong,19,predictable_prefix,olblliz,67.99540399515536,SK-HCZZ
vllm,shared,A_no_victim,20,predictable_prefix,wrpammf,92.58290100115119,SK-OZZ1
vllm,shared,B_after_victim_correct,20,predictable_prefix,SK-OZZ1,68.84744299895829,SK-OZZ1
vllm,shared,B_after_victim_wrong,20,predictable_prefix,wrpammf,68.12092600011965,SK-OZZ1
vllm,shared,A_no_victim,21,predictable_prefix,lzdboti,91.05485700274585,SK-WWX1
vllm,shared,B_after_victim_correct,21,predictable_prefix,SK-WWX1,68.6360650070128,SK-WWX1
vllm,shared,B_after_victim_wrong,21,predictable_prefix,lzdboti,67.96471599955112,SK-WWX1
vllm,shared,A_no_victim,22,predictable_prefix,tnunrwi,92.78616600204259,SK-4OIV
vllm,shared,B_after_victim_correct,22,predictable_prefix,SK-4OIV,69.15882199973566,SK-4OIV
vllm,shared,B_after_victim_wrong,22,predictable_prefix,tnunrwi,68.69230599841103,SK-4OIV
vllm,shared,A_no_victim,23,predictable_prefix,tuqdtcv,92.47381100431085,SK-X4RZ
vllm,shared,B_after_victim_correct,23,predictable_prefix,SK-X4RZ,70.0824760060641,SK-X4RZ
vllm,shared,B_after_victim_wrong,23,predictable_prefix,tuqdtcv,68.33676699898206,SK-X4RZ
vllm,shared,A_no_victim,24,predictable_prefix,gxydahn,91.17413799685892,SK-EWPU
vllm,shared,B_after_victim_correct,24,predictable_prefix,SK-EWPU,69.79605800006539,SK-EWPU
vllm,shared,B_after_victim_wrong,24,predictable_prefix,gxydahn,68.86507500166772,SK-EWPU
vllm,shared,A_no_victim,25,predictable_prefix,kuuyjao,94.43182600080036,SK-0PX0
vllm,shared,B_after_victim_correct,25,predictable_prefix,SK-0PX0,68.93661199865164,SK-0PX0
vllm,shared,B_after_victim_wrong,25,predictable_prefix,kuuyjao,68.18110199674265,SK-0PX0
vllm,shared,A_no_victim,26,predictable_prefix,bgxraua,93.68950100179063,SK-CYP3
vllm,shared,B_after_victim_correct,26,predictable_prefix,SK-CYP3,68.81572999554919,SK-CYP3
vllm,shared,B_after_victim_wrong,26,predictable_prefix,bgxraua,68.85283500014339,SK-CYP3
vllm,shared,A_no_victim,27,predictable_prefix,fvgmsiw,94.2336959997192,SK-EXZD
vllm,shared,B_after_victim_correct,27,predictable_prefix,SK-EXZD,70.712928994908,SK-EXZD
vllm,shared,B_after_victim_wrong,27,predictable_prefix,fvgmsiw,69.13366899971152,SK-EXZD
vllm,shared,A_no_victim,28,predictable_prefix,jyeydjh,93.30407400557306,SK-6CPF
vllm,shared,B_after_victim_correct,28,predictable_prefix,SK-6CPF,69.5266319962684,SK-6CPF
vllm,shared,B_after_victim_wrong,28,predictable_prefix,jyeydjh,68.99022799916565,SK-6CPF
vllm,shared,A_no_victim,29,predictable_prefix,luexdds,81.47468899551313,SK-6YDS
vllm,shared,B_after_victim_correct,29,predictable_prefix,SK-6YDS,68.92558699473739,SK-6YDS
vllm,shared,B_after_victim_wrong,29,predictable_prefix,luexdds,68.18374200520338,SK-6YDS
