framework,cache_mode,condition,trial,secret_category,probe_candidate,wall_clock_latency_ms,ground_truth_secret
vllm,shared,A_no_victim,0,structured,ocoxcp,97.22798899747431,316412
vllm,shared,B_after_victim_correct,0,structured,316412,70.63431500137085,316412
vllm,shared,B_after_victim_wrong,0,structured,ocoxcp,69.57432299532229,316412
vllm,shared,A_no_victim,1,structured,ajarck,84.43210000405088,266997
vllm,shared,B_after_victim_correct,1,structured,266997,69.81274000281701,266997
vllm,shared,B_after_victim_wrong,1,structured,ajarck,68.79530800506473,266997
vllm,shared,A_no_victim,2,structured,jnqkxj,93.14642199751688,278879
vllm,shared,B_after_victim_correct,2,structured,278879,69.63563500175951,278879
vllm,shared,B_after_victim_wrong,2,structured,jnqkxj,68.51512999855913,278879
vllm,shared,A_no_victim,3,structured,ktsfzq,94.32702300546225,960905
vllm,shared,B_after_victim_correct,3,structured,960905,69.75480400433298,960905
vllm,shared,B_after_victim_wrong,3,structured,ktsfzq,69.95974999881582,960905
vllm,shared,A_no_victim,4,structured,eijptk,84.73735000006855,881402
vllm,shared,B_after_victim_correct,4,structured,881402,69.78251599502983,881402
vllm,shared,B_after_victim_wrong,4,structured,eijptk,69.79746000433806,881402
vllm,shared,A_no_victim,5,structured,nygost,95.05877299670829,394970
vllm,shared,B_after_victim_correct,5,structured,394970,69.55073800054379,394970
vllm,shared,B_after_victim_wrong,5,structured,nygost,69.09358300617896,394970
vllm,shared,A_no_victim,6,structured,oiiaqh,93.86596400145208,138997
vllm,shared,B_after_victim_correct,6,structured,138997,70.83418800175423,138997
vllm,shared,B_after_victim_wrong,6,structured,oiiaqh,69.45083400205476,138997
vllm,shared,A_no_victim,7,structured,tefibz,94.05606200016337,608658
vllm,shared,B_after_victim_correct,7,structured,608658,70.7363469991833,608658
vllm,shared,B_after_victim_wrong,7,structured,tefibz,68.45557800261304,608658
vllm,shared,A_no_victim,8,structured,swdtwq,95.69264900346752,705153
vllm,shared,B_after_victim_correct,8,structured,705153,70.6508750008652,705153
vllm,shared,B_after_victim_wrong,8,structured,swdtwq,69.30887999624247,705153
vllm,shared,A_no_victim,9,structured,zdkzdh,82.71335100289434,150259
vllm,shared,B_after_victim_correct,9,structured,150259,69.18212700111326,150259
vllm,shared,B_after_victim_wrong,9,structured,zdkzdh,69.01027000276372,150259
vllm,shared,A_no_victim,10,structured,oszlaq,82.5586779974401,360388
vllm,shared,B_after_victim_correct,10,structured,360388,69.31481600622647,360388
vllm,shared,B_after_victim_wrong,10,structured,oszlaq,69.16620700212661,360388
vllm,shared,A_no_victim,11,structured,brpclb,94.95107600378105,881932
vllm,shared,B_after_victim_correct,11,structured,881932,69.05748699500691,881932
vllm,shared,B_after_victim_wrong,11,structured,brpclb,69.80782800383167,881932
vllm,shared,A_no_victim,12,structured,oipisp,83.21167399844853,092094
vllm,shared,B_after_victim_correct,12,structured,092094,69.80584399570944,092094
vllm,shared,B_after_victim_wrong,12,structured,oipisp,69.29216000571614,092094
vllm,shared,A_no_victim,13,structured,xxugsu,94.57054499944206,908386
vllm,shared,B_after_victim_correct,13,structured,908386,69.96851700387197,908386
vllm,shared,B_after_victim_wrong,13,structured,xxugsu,68.47141800244572,908386
vllm,shared,A_no_victim,14,structured,ukxlse,92.39958499529166,564448
vllm,shared,B_after_victim_correct,14,structured,564448,69.66326700057834,564448
vllm,shared,B_after_victim_wrong,14,structured,ukxlse,69.07921400124906,564448
vllm,shared,A_no_victim,15,structured,zjieqh,91.96812500158558,796482
vllm,shared,B_after_victim_correct,15,structured,796482,69.11022300482728,796482
vllm,shared,B_after_victim_wrong,15,structured,zjieqh,70.11210299970116,796482
vllm,shared,A_no_victim,16,structured,zsohdp,93.14352599903941,271072
vllm,shared,B_after_victim_correct,16,structured,271072,69.76312400365714,271072
vllm,shared,B_after_victim_wrong,16,structured,zsohdp,68.4960900034639,271072
vllm,shared,A_no_victim,17,structured,emeuoj,83.69769400451332,716641
vllm,shared,B_after_victim_correct,17,structured,716641,69.34241599810775,716641
vllm,shared,B_after_victim_wrong,17,structured,emeuoj,69.59021000511711,716641
vllm,shared,A_no_victim,18,structured,pwjwwb,92.78329900553217,626222
vllm,shared,B_after_victim_correct,18,structured,626222,69.92390899540624,626222
vllm,shared,B_after_victim_wrong,18,structured,pwjwwb,68.20244000118691,626222
vllm,shared,A_no_victim,19,structured,gpixzx,94.02988400688628,297141
vllm,shared,B_after_victim_correct,19,structured,297141,69.75722000061069,297141
vllm,shared,B_after_victim_wrong,19,structured,gpixzx,69.64568300463725,297141
vllm,shared,A_no_victim,20,structured,qahuwf,83.93929599697003,503837
vllm,shared,B_after_victim_correct,20,structured,503837,70.26751199737191,503837
vllm,shared,B_after_victim_wrong,20,structured,qahuwf,69.61928300006548,503837
vllm,shared,A_no_victim,21,structured,kizrod,85.462027003814,298734
vllm,shared,B_after_victim_correct,21,structured,298734,69.46369700017385,298734
vllm,shared,B_after_victim_wrong,21,structured,kizrod,68.60519499605289,298734
vllm,shared,A_no_victim,22,structured,qngtew,93.94823599723168,209153
vllm,shared,B_after_victim_correct,22,structured,209153,71.52782499906607,209153
vllm,shared,B_after_victim_wrong,22,structured,qngtew,70.2078629983589,209153
vllm,shared,A_no_victim,23,structured,fmqbex,93.50725599506404,613938
vllm,shared,B_after_victim_correct,23,structured,613938,69.92616500065196,613938
vllm,shared,B_after_victim_wrong,23,structured,fmqbex,70.60791399999289,613938
vllm,shared,A_no_victim,24,structured,bjkqgx,94.18772599747172,781252
vllm,shared,B_after_victim_correct,24,structured,781252,70.31423200533027,781252
vllm,shared,B_after_victim_wrong,24,structured,bjkqgx,68.34917699598009,781252
vllm,shared,A_no_victim,25,structured,grkvmr,83.22672999929637,336087
vllm,shared,B_after_victim_correct,25,structured,336087,69.75256399891805,336087
vllm,shared,B_after_victim_wrong,25,structured,grkvmr,70.20248700428056,336087
vllm,shared,A_no_victim,26,structured,qrffgf,93.3576230017934,977259
vllm,shared,B_after_victim_correct,26,structured,977259,70.51933700131485,977259
vllm,shared,B_after_victim_wrong,26,structured,qrffgf,68.66444300248986,977259
vllm,shared,A_no_victim,27,structured,ktsuqc,92.58227399550378,418065
vllm,shared,B_after_victim_correct,27,structured,418065,70.2875920032966,418065
vllm,shared,B_after_victim_wrong,27,structured,ktsuqc,68.8302679991466,418065
vllm,shared,A_no_victim,28,structured,iszcsx,89.55221799988067,178947
vllm,shared,B_after_victim_correct,28,structured,178947,71.0547500057146,178947
vllm,shared,B_after_victim_wrong,28,structured,iszcsx,69.06307100143749,178947
vllm,shared,A_no_victim,29,structured,ndzahn,93.79261900176061,096903
vllm,shared,B_after_victim_correct,29,structured,096903,69.58499400207074,096903
vllm,shared,B_after_victim_wrong,29,structured,ndzahn,68.89356399915414,096903
