framework,cache_mode,category,model,trial,probe_candidate,wall_clock_latency_ms,ground_truth_candidate,attacker_guess,guess_correct
vllm,shared,predictable_prefix,Qwen/Qwen2.5-7B-Instruct,0,SK-AB12,70.59841700538527,SK-AB12,SK-AB12,True
vllm,shared,predictable_prefix,Qwen/Qwen2.5-7B-Instruct,0,SK-CD34,77.85550999687985,SK-AB12,SK-AB12,True
vllm,shared,predictable_prefix,Qwen/Qwen2.5-7B-Instruct,0,SK-EF56,78.02704699861351,SK-AB12,SK-AB12,True
vllm,shared,predictable_prefix,Qwen/Qwen2.5-7B-Instruct,0,SK-GH78,79.1951510036597,SK-AB12,SK-AB12,True
vllm,shared,predictable_prefix,Qwen/Qwen2.5-7B-Instruct,1,SK-AB12,69.67666601121891,SK-CD34,SK-GH78,False
vllm,shared,predictable_prefix,Qwen/Qwen2.5-7B-Instruct,1,SK-CD34,68.53537799906917,SK-CD34,SK-GH78,False
vllm,shared,predictable_prefix,Qwen/Qwen2.5-7B-Instruct,1,SK-EF56,68.26435199764092,SK-CD34,SK-GH78,False
vllm,shared,predictable_prefix,Qwen/Qwen2.5-7B-Instruct,1,SK-GH78,67.63708300422877,SK-CD34,SK-GH78,False
vllm,shared,predictable_prefix,Qwen/Qwen2.5-7B-Instruct,2,SK-AB12,68.34820799122099,SK-AB12,SK-CD34,False
vllm,shared,predictable_prefix,Qwen/Qwen2.5-7B-Instruct,2,SK-CD34,67.46224999369588,SK-AB12,SK-CD34,False
vllm,shared,predictable_prefix,Qwen/Qwen2.5-7B-Instruct,2,SK-EF56,69.1783740039682,SK-AB12,SK-CD34,False
vllm,shared,predictable_prefix,Qwen/Qwen2.5-7B-Instruct,2,SK-GH78,68.07694199960679,SK-AB12,SK-CD34,False
vllm,shared,predictable_prefix,Qwen/Qwen2.5-7B-Instruct,3,SK-AB12,67.64714699238539,SK-CD34,SK-GH78,False
vllm,shared,predictable_prefix,Qwen/Qwen2.5-7B-Instruct,3,SK-CD34,67.78535700868815,SK-CD34,SK-GH78,False
vllm,shared,predictable_prefix,Qwen/Qwen2.5-7B-Instruct,3,SK-EF56,67.50285800080746,SK-CD34,SK-GH78,False
vllm,shared,predictable_prefix,Qwen/Qwen2.5-7B-Instruct,3,SK-GH78,67.49261901131831,SK-CD34,SK-GH78,False
vllm,shared,predictable_prefix,Qwen/Qwen2.5-7B-Instruct,4,SK-AB12,68.00124599249102,SK-EF56,SK-AB12,False
vllm,shared,predictable_prefix,Qwen/Qwen2.5-7B-Instruct,4,SK-CD34,68.7546280096285,SK-EF56,SK-AB12,False
vllm,shared,predictable_prefix,Qwen/Qwen2.5-7B-Instruct,4,SK-EF56,68.01979000738356,SK-EF56,SK-AB12,False
vllm,shared,predictable_prefix,Qwen/Qwen2.5-7B-Instruct,4,SK-GH78,69.44340000336524,SK-EF56,SK-AB12,False
vllm,shared,predictable_prefix,Qwen/Qwen2.5-7B-Instruct,5,SK-AB12,68.70283500757068,SK-CD34,SK-EF56,False
vllm,shared,predictable_prefix,Qwen/Qwen2.5-7B-Instruct,5,SK-CD34,69.4248880026862,SK-CD34,SK-EF56,False
vllm,shared,predictable_prefix,Qwen/Qwen2.5-7B-Instruct,5,SK-EF56,67.60132299677934,SK-CD34,SK-EF56,False
vllm,shared,predictable_prefix,Qwen/Qwen2.5-7B-Instruct,5,SK-GH78,67.73884400899988,SK-CD34,SK-EF56,False
vllm,shared,predictable_prefix,Qwen/Qwen2.5-7B-Instruct,6,SK-AB12,68.63832200178877,SK-EF56,SK-EF56,True
vllm,shared,predictable_prefix,Qwen/Qwen2.5-7B-Instruct,6,SK-CD34,68.20937499287538,SK-EF56,SK-EF56,True
vllm,shared,predictable_prefix,Qwen/Qwen2.5-7B-Instruct,6,SK-EF56,67.71612400189042,SK-EF56,SK-EF56,True
vllm,shared,predictable_prefix,Qwen/Qwen2.5-7B-Instruct,6,SK-GH78,69.32181600132026,SK-EF56,SK-EF56,True
vllm,shared,predictable_prefix,Qwen/Qwen2.5-7B-Instruct,7,SK-AB12,67.72961100796238,SK-AB12,SK-EF56,False
vllm,shared,predictable_prefix,Qwen/Qwen2.5-7B-Instruct,7,SK-CD34,68.26908800576348,SK-AB12,SK-EF56,False
vllm,shared,predictable_prefix,Qwen/Qwen2.5-7B-Instruct,7,SK-EF56,67.64241099881474,SK-AB12,SK-EF56,False
vllm,shared,predictable_prefix,Qwen/Qwen2.5-7B-Instruct,7,SK-GH78,67.70868299645372,SK-AB12,SK-EF56,False
vllm,shared,predictable_prefix,Qwen/Qwen2.5-7B-Instruct,8,SK-AB12,67.61220299813431,SK-GH78,SK-EF56,False
vllm,shared,predictable_prefix,Qwen/Qwen2.5-7B-Instruct,8,SK-CD34,67.65361099678557,SK-GH78,SK-EF56,False
vllm,shared,predictable_prefix,Qwen/Qwen2.5-7B-Instruct,8,SK-EF56,67.5914349994855,SK-GH78,SK-EF56,False
vllm,shared,predictable_prefix,Qwen/Qwen2.5-7B-Instruct,8,SK-GH78,68.10115100233816,SK-GH78,SK-EF56,False
vllm,shared,predictable_prefix,Qwen/Qwen2.5-7B-Instruct,9,SK-AB12,67.64921199646778,SK-GH78,SK-EF56,False
vllm,shared,predictable_prefix,Qwen/Qwen2.5-7B-Instruct,9,SK-CD34,67.65770699712448,SK-GH78,SK-EF56,False
vllm,shared,predictable_prefix,Qwen/Qwen2.5-7B-Instruct,9,SK-EF56,67.61181900219526,SK-GH78,SK-EF56,False
vllm,shared,predictable_prefix,Qwen/Qwen2.5-7B-Instruct,9,SK-GH78,69.05280600767583,SK-GH78,SK-EF56,False
vllm,shared,predictable_prefix,Qwen/Qwen2.5-7B-Instruct,10,SK-AB12,67.50194598862436,SK-GH78,SK-AB12,False
vllm,shared,predictable_prefix,Qwen/Qwen2.5-7B-Instruct,10,SK-CD34,69.15290199685842,SK-GH78,SK-AB12,False
vllm,shared,predictable_prefix,Qwen/Qwen2.5-7B-Instruct,10,SK-EF56,69.04378200124484,SK-GH78,SK-AB12,False
vllm,shared,predictable_prefix,Qwen/Qwen2.5-7B-Instruct,10,SK-GH78,68.61081799434032,SK-GH78,SK-AB12,False
vllm,shared,predictable_prefix,Qwen/Qwen2.5-7B-Instruct,11,SK-AB12,67.85916499211453,SK-GH78,SK-AB12,False
vllm,shared,predictable_prefix,Qwen/Qwen2.5-7B-Instruct,11,SK-CD34,68.87626000388991,SK-GH78,SK-AB12,False
vllm,shared,predictable_prefix,Qwen/Qwen2.5-7B-Instruct,11,SK-EF56,68.93382800626568,SK-GH78,SK-AB12,False
vllm,shared,predictable_prefix,Qwen/Qwen2.5-7B-Instruct,11,SK-GH78,70.26430199039169,SK-GH78,SK-AB12,False
vllm,shared,predictable_prefix,Qwen/Qwen2.5-7B-Instruct,12,SK-AB12,68.5135050007375,SK-CD34,SK-EF56,False
vllm,shared,predictable_prefix,Qwen/Qwen2.5-7B-Instruct,12,SK-CD34,69.81117899704259,SK-CD34,SK-EF56,False
vllm,shared,predictable_prefix,Qwen/Qwen2.5-7B-Instruct,12,SK-EF56,68.13223900098819,SK-CD34,SK-EF56,False
vllm,shared,predictable_prefix,Qwen/Qwen2.5-7B-Instruct,12,SK-GH78,68.35752099868841,SK-CD34,SK-EF56,False
vllm,shared,predictable_prefix,Qwen/Qwen2.5-7B-Instruct,13,SK-AB12,69.27855098911095,SK-EF56,SK-CD34,False
vllm,shared,predictable_prefix,Qwen/Qwen2.5-7B-Instruct,13,SK-CD34,68.01930999790784,SK-EF56,SK-CD34,False
vllm,shared,predictable_prefix,Qwen/Qwen2.5-7B-Instruct,13,SK-EF56,68.97576499613933,SK-EF56,SK-CD34,False
vllm,shared,predictable_prefix,Qwen/Qwen2.5-7B-Instruct,13,SK-GH78,68.15651099896058,SK-EF56,SK-CD34,False
vllm,shared,predictable_prefix,Qwen/Qwen2.5-7B-Instruct,14,SK-AB12,68.11537500470877,SK-GH78,SK-CD34,False
vllm,shared,predictable_prefix,Qwen/Qwen2.5-7B-Instruct,14,SK-CD34,67.9535980016226,SK-GH78,SK-CD34,False
vllm,shared,predictable_prefix,Qwen/Qwen2.5-7B-Instruct,14,SK-EF56,68.96098099241499,SK-GH78,SK-CD34,False
vllm,shared,predictable_prefix,Qwen/Qwen2.5-7B-Instruct,14,SK-GH78,68.76899499911815,SK-GH78,SK-CD34,False
vllm,shared,predictable_prefix,Qwen/Qwen2.5-7B-Instruct,15,SK-AB12,67.88983699516393,SK-EF56,SK-AB12,False
vllm,shared,predictable_prefix,Qwen/Qwen2.5-7B-Instruct,15,SK-CD34,67.95846098975744,SK-EF56,SK-AB12,False
vllm,shared,predictable_prefix,Qwen/Qwen2.5-7B-Instruct,15,SK-EF56,69.31207200977951,SK-EF56,SK-AB12,False
vllm,shared,predictable_prefix,Qwen/Qwen2.5-7B-Instruct,15,SK-GH78,67.99879799655173,SK-EF56,SK-AB12,False
vllm,shared,predictable_prefix,Qwen/Qwen2.5-7B-Instruct,16,SK-AB12,68.63885100756306,SK-GH78,SK-CD34,False
vllm,shared,predictable_prefix,Qwen/Qwen2.5-7B-Instruct,16,SK-CD34,67.97057400399353,SK-GH78,SK-CD34,False
vllm,shared,predictable_prefix,Qwen/Qwen2.5-7B-Instruct,16,SK-EF56,68.17617498745676,SK-GH78,SK-CD34,False
vllm,shared,predictable_prefix,Qwen/Qwen2.5-7B-Instruct,16,SK-GH78,68.059181998251,SK-GH78,SK-CD34,False
vllm,shared,predictable_prefix,Qwen/Qwen2.5-7B-Instruct,17,SK-AB12,67.99546899856068,SK-AB12,SK-AB12,True
vllm,shared,predictable_prefix,Qwen/Qwen2.5-7B-Instruct,17,SK-CD34,68.36225600272883,SK-AB12,SK-AB12,True
vllm,shared,predictable_prefix,Qwen/Qwen2.5-7B-Instruct,17,SK-EF56,70.558159990469,SK-AB12,SK-AB12,True
vllm,shared,predictable_prefix,Qwen/Qwen2.5-7B-Instruct,17,SK-GH78,68.39756800036412,SK-AB12,SK-AB12,True
vllm,shared,predictable_prefix,Qwen/Qwen2.5-7B-Instruct,18,SK-AB12,68.89413199678529,SK-AB12,SK-GH78,False
vllm,shared,predictable_prefix,Qwen/Qwen2.5-7B-Instruct,18,SK-CD34,68.72587501129601,SK-AB12,SK-GH78,False
vllm,shared,predictable_prefix,Qwen/Qwen2.5-7B-Instruct,18,SK-EF56,68.00735800061375,SK-AB12,SK-GH78,False
vllm,shared,predictable_prefix,Qwen/Qwen2.5-7B-Instruct,18,SK-GH78,67.89146900700871,SK-AB12,SK-GH78,False
vllm,shared,predictable_prefix,Qwen/Qwen2.5-7B-Instruct,19,SK-AB12,68.66883399197832,SK-CD34,SK-CD34,True
vllm,shared,predictable_prefix,Qwen/Qwen2.5-7B-Instruct,19,SK-CD34,67.9831340094097,SK-CD34,SK-CD34,True
vllm,shared,predictable_prefix,Qwen/Qwen2.5-7B-Instruct,19,SK-EF56,69.71733800310176,SK-CD34,SK-CD34,True
vllm,shared,predictable_prefix,Qwen/Qwen2.5-7B-Instruct,19,SK-GH78,68.04300598741975,SK-CD34,SK-CD34,True
vllm,shared,predictable_prefix,Qwen/Qwen2.5-7B-Instruct,20,SK-AB12,69.62864899833221,SK-EF56,SK-CD34,False
vllm,shared,predictable_prefix,Qwen/Qwen2.5-7B-Instruct,20,SK-CD34,68.07492599182297,SK-EF56,SK-CD34,False
vllm,shared,predictable_prefix,Qwen/Qwen2.5-7B-Instruct,20,SK-EF56,68.52872199669946,SK-EF56,SK-CD34,False
vllm,shared,predictable_prefix,Qwen/Qwen2.5-7B-Instruct,20,SK-GH78,70.61771300504915,SK-EF56,SK-CD34,False
vllm,shared,predictable_prefix,Qwen/Qwen2.5-7B-Instruct,21,SK-AB12,68.69445099437144,SK-CD34,SK-EF56,False
vllm,shared,predictable_prefix,Qwen/Qwen2.5-7B-Instruct,21,SK-CD34,69.05141301103868,SK-CD34,SK-EF56,False
vllm,shared,predictable_prefix,Qwen/Qwen2.5-7B-Instruct,21,SK-EF56,67.86852498771623,SK-CD34,SK-EF56,False
vllm,shared,predictable_prefix,Qwen/Qwen2.5-7B-Instruct,21,SK-GH78,68.0545740033267,SK-CD34,SK-EF56,False
vllm,shared,predictable_prefix,Qwen/Qwen2.5-7B-Instruct,22,SK-AB12,68.72384299640544,SK-CD34,SK-EF56,False
vllm,shared,predictable_prefix,Qwen/Qwen2.5-7B-Instruct,22,SK-CD34,68.01353399350774,SK-CD34,SK-EF56,False
vllm,shared,predictable_prefix,Qwen/Qwen2.5-7B-Instruct,22,SK-EF56,67.99012600095011,SK-CD34,SK-EF56,False
vllm,shared,predictable_prefix,Qwen/Qwen2.5-7B-Instruct,22,SK-GH78,69.60655399598181,SK-CD34,SK-EF56,False
vllm,shared,predictable_prefix,Qwen/Qwen2.5-7B-Instruct,23,SK-AB12,68.0014860117808,SK-GH78,SK-AB12,False
vllm,shared,predictable_prefix,Qwen/Qwen2.5-7B-Instruct,23,SK-CD34,69.17205400532112,SK-GH78,SK-AB12,False
vllm,shared,predictable_prefix,Qwen/Qwen2.5-7B-Instruct,23,SK-EF56,68.97618100629188,SK-GH78,SK-AB12,False
vllm,shared,predictable_prefix,Qwen/Qwen2.5-7B-Instruct,23,SK-GH78,68.35456000408158,SK-GH78,SK-AB12,False
vllm,shared,predictable_prefix,Qwen/Qwen2.5-7B-Instruct,24,SK-AB12,69.9045869987458,SK-CD34,SK-EF56,False
vllm,shared,predictable_prefix,Qwen/Qwen2.5-7B-Instruct,24,SK-CD34,68.4602410037769,SK-CD34,SK-EF56,False
vllm,shared,predictable_prefix,Qwen/Qwen2.5-7B-Instruct,24,SK-EF56,68.0472620006185,SK-CD34,SK-EF56,False
vllm,shared,predictable_prefix,Qwen/Qwen2.5-7B-Instruct,24,SK-GH78,70.07993300794624,SK-CD34,SK-EF56,False
vllm,shared,predictable_prefix,Qwen/Qwen2.5-7B-Instruct,25,SK-AB12,67.78026800020598,SK-AB12,SK-AB12,True
vllm,shared,predictable_prefix,Qwen/Qwen2.5-7B-Instruct,25,SK-CD34,67.85455699719023,SK-AB12,SK-AB12,True
vllm,shared,predictable_prefix,Qwen/Qwen2.5-7B-Instruct,25,SK-EF56,68.23632000305224,SK-AB12,SK-AB12,True
vllm,shared,predictable_prefix,Qwen/Qwen2.5-7B-Instruct,25,SK-GH78,68.27436698949896,SK-AB12,SK-AB12,True
vllm,shared,predictable_prefix,Qwen/Qwen2.5-7B-Instruct,26,SK-AB12,70.32209400495049,SK-EF56,SK-GH78,False
vllm,shared,predictable_prefix,Qwen/Qwen2.5-7B-Instruct,26,SK-CD34,69.8347629950149,SK-EF56,SK-GH78,False
vllm,shared,predictable_prefix,Qwen/Qwen2.5-7B-Instruct,26,SK-EF56,68.63006700586993,SK-EF56,SK-GH78,False
vllm,shared,predictable_prefix,Qwen/Qwen2.5-7B-Instruct,26,SK-GH78,68.0277740029851,SK-EF56,SK-GH78,False
vllm,shared,predictable_prefix,Qwen/Qwen2.5-7B-Instruct,27,SK-AB12,68.71587499335874,SK-AB12,SK-EF56,False
vllm,shared,predictable_prefix,Qwen/Qwen2.5-7B-Instruct,27,SK-CD34,69.96817199978977,SK-AB12,SK-EF56,False
vllm,shared,predictable_prefix,Qwen/Qwen2.5-7B-Instruct,27,SK-EF56,68.00326200027484,SK-AB12,SK-EF56,False
vllm,shared,predictable_prefix,Qwen/Qwen2.5-7B-Instruct,27,SK-GH78,68.39630501053762,SK-AB12,SK-EF56,False
vllm,shared,predictable_prefix,Qwen/Qwen2.5-7B-Instruct,28,SK-AB12,68.06807899556588,SK-AB12,SK-CD34,False
vllm,shared,predictable_prefix,Qwen/Qwen2.5-7B-Instruct,28,SK-CD34,67.80961199547164,SK-AB12,SK-CD34,False
vllm,shared,predictable_prefix,Qwen/Qwen2.5-7B-Instruct,28,SK-EF56,67.94790099957027,SK-AB12,SK-CD34,False
vllm,shared,predictable_prefix,Qwen/Qwen2.5-7B-Instruct,28,SK-GH78,67.90732500667218,SK-AB12,SK-CD34,False
vllm,shared,predictable_prefix,Qwen/Qwen2.5-7B-Instruct,29,SK-AB12,68.57124999805819,SK-CD34,SK-AB12,False
vllm,shared,predictable_prefix,Qwen/Qwen2.5-7B-Instruct,29,SK-CD34,70.02914900658652,SK-CD34,SK-AB12,False
vllm,shared,predictable_prefix,Qwen/Qwen2.5-7B-Instruct,29,SK-EF56,69.29955899249762,SK-CD34,SK-AB12,False
vllm,shared,predictable_prefix,Qwen/Qwen2.5-7B-Instruct,29,SK-GH78,68.84336400253233,SK-CD34,SK-AB12,False
