framework,cache_mode,category,model,trial,probe_candidate,wall_clock_latency_ms,ground_truth_candidate,attacker_guess,guess_correct
vllm,shared,structured,deepseek-ai/DeepSeek-R1-Distill-Llama-8B,0,482913,84.53107799869031,356820,356820,True
vllm,shared,structured,deepseek-ai/DeepSeek-R1-Distill-Llama-8B,0,719045,86.16584099945612,356820,356820,True
vllm,shared,structured,deepseek-ai/DeepSeek-R1-Distill-Llama-8B,0,356820,73.78138300555293,356820,356820,True
vllm,shared,structured,deepseek-ai/DeepSeek-R1-Distill-Llama-8B,0,904271,83.3197729953099,356820,356820,True
vllm,shared,structured,deepseek-ai/DeepSeek-R1-Distill-Llama-8B,1,482913,72.84937700023875,356820,482913,False
vllm,shared,structured,deepseek-ai/DeepSeek-R1-Distill-Llama-8B,1,719045,72.87073798943311,356820,482913,False
vllm,shared,structured,deepseek-ai/DeepSeek-R1-Distill-Llama-8B,1,356820,73.044706005021,356820,482913,False
vllm,shared,structured,deepseek-ai/DeepSeek-R1-Distill-Llama-8B,1,904271,73.62936600111425,356820,482913,False
vllm,shared,structured,deepseek-ai/DeepSeek-R1-Distill-Llama-8B,2,482913,74.26305100671016,904271,719045,False
vllm,shared,structured,deepseek-ai/DeepSeek-R1-Distill-Llama-8B,2,719045,72.96336199215148,904271,719045,False
vllm,shared,structured,deepseek-ai/DeepSeek-R1-Distill-Llama-8B,2,356820,74.46666799660306,904271,719045,False
vllm,shared,structured,deepseek-ai/DeepSeek-R1-Distill-Llama-8B,2,904271,72.99924999824725,904271,719045,False
vllm,shared,structured,deepseek-ai/DeepSeek-R1-Distill-Llama-8B,3,482913,72.66615900152829,719045,719045,True
vllm,shared,structured,deepseek-ai/DeepSeek-R1-Distill-Llama-8B,3,719045,71.78092100366484,719045,719045,True
vllm,shared,structured,deepseek-ai/DeepSeek-R1-Distill-Llama-8B,3,356820,71.93031499627978,719045,719045,True
vllm,shared,structured,deepseek-ai/DeepSeek-R1-Distill-Llama-8B,3,904271,73.16227599221747,719045,719045,True
vllm,shared,structured,deepseek-ai/DeepSeek-R1-Distill-Llama-8B,4,482913,73.2351400074549,904271,356820,False
vllm,shared,structured,deepseek-ai/DeepSeek-R1-Distill-Llama-8B,4,719045,73.45117299701087,904271,356820,False
vllm,shared,structured,deepseek-ai/DeepSeek-R1-Distill-Llama-8B,4,356820,72.14348299021367,904271,356820,False
vllm,shared,structured,deepseek-ai/DeepSeek-R1-Distill-Llama-8B,4,904271,72.83236899820622,904271,356820,False
vllm,shared,structured,deepseek-ai/DeepSeek-R1-Distill-Llama-8B,5,482913,72.11005999124609,904271,482913,False
vllm,shared,structured,deepseek-ai/DeepSeek-R1-Distill-Llama-8B,5,719045,72.30147000518627,904271,482913,False
vllm,shared,structured,deepseek-ai/DeepSeek-R1-Distill-Llama-8B,5,356820,72.36167699738871,904271,482913,False
vllm,shared,structured,deepseek-ai/DeepSeek-R1-Distill-Llama-8B,5,904271,74.62723000207916,904271,482913,False
vllm,shared,structured,deepseek-ai/DeepSeek-R1-Distill-Llama-8B,6,482913,72.67222300288267,482913,904271,False
vllm,shared,structured,deepseek-ai/DeepSeek-R1-Distill-Llama-8B,6,719045,72.7163839910645,482913,904271,False
vllm,shared,structured,deepseek-ai/DeepSeek-R1-Distill-Llama-8B,6,356820,72.4044300004607,482913,904271,False
vllm,shared,structured,deepseek-ai/DeepSeek-R1-Distill-Llama-8B,6,904271,72.26866800920106,482913,904271,False
vllm,shared,structured,deepseek-ai/DeepSeek-R1-Distill-Llama-8B,7,482913,72.88910499482881,482913,904271,False
vllm,shared,structured,deepseek-ai/DeepSeek-R1-Distill-Llama-8B,7,719045,73.58907800517045,482913,904271,False
vllm,shared,structured,deepseek-ai/DeepSeek-R1-Distill-Llama-8B,7,356820,72.42039799166378,482913,904271,False
vllm,shared,structured,deepseek-ai/DeepSeek-R1-Distill-Llama-8B,7,904271,72.11501999699976,482913,904271,False
vllm,shared,structured,deepseek-ai/DeepSeek-R1-Distill-Llama-8B,8,482913,72.27772500482388,719045,904271,False
vllm,shared,structured,deepseek-ai/DeepSeek-R1-Distill-Llama-8B,8,719045,72.09589899866842,719045,904271,False
vllm,shared,structured,deepseek-ai/DeepSeek-R1-Distill-Llama-8B,8,356820,73.93772099749185,719045,904271,False
vllm,shared,structured,deepseek-ai/DeepSeek-R1-Distill-Llama-8B,8,904271,72.08831599564292,719045,904271,False
vllm,shared,structured,deepseek-ai/DeepSeek-R1-Distill-Llama-8B,9,482913,72.97037000535056,482913,356820,False
vllm,shared,structured,deepseek-ai/DeepSeek-R1-Distill-Llama-8B,9,719045,74.23553100670688,482913,356820,False
vllm,shared,structured,deepseek-ai/DeepSeek-R1-Distill-Llama-8B,9,356820,72.30842900753487,482913,356820,False
vllm,shared,structured,deepseek-ai/DeepSeek-R1-Distill-Llama-8B,9,904271,72.35788498655893,482913,356820,False
vllm,shared,structured,deepseek-ai/DeepSeek-R1-Distill-Llama-8B,10,482913,72.26729199464899,719045,356820,False
vllm,shared,structured,deepseek-ai/DeepSeek-R1-Distill-Llama-8B,10,719045,72.17261999903712,719045,356820,False
vllm,shared,structured,deepseek-ai/DeepSeek-R1-Distill-Llama-8B,10,356820,72.07282799936365,719045,356820,False
vllm,shared,structured,deepseek-ai/DeepSeek-R1-Distill-Llama-8B,10,904271,73.27846800035331,719045,356820,False
vllm,shared,structured,deepseek-ai/DeepSeek-R1-Distill-Llama-8B,11,482913,76.07045599434059,356820,356820,True
vllm,shared,structured,deepseek-ai/DeepSeek-R1-Distill-Llama-8B,11,719045,72.72729599208105,356820,356820,True
vllm,shared,structured,deepseek-ai/DeepSeek-R1-Distill-Llama-8B,11,356820,71.8892099976074,356820,356820,True
vllm,shared,structured,deepseek-ai/DeepSeek-R1-Distill-Llama-8B,11,904271,72.31270099873655,356820,356820,True
vllm,shared,structured,deepseek-ai/DeepSeek-R1-Distill-Llama-8B,12,482913,72.12452300882433,482913,356820,False
vllm,shared,structured,deepseek-ai/DeepSeek-R1-Distill-Llama-8B,12,719045,72.13423600478563,482913,356820,False
vllm,shared,structured,deepseek-ai/DeepSeek-R1-Distill-Llama-8B,12,356820,71.88909799151588,482913,356820,False
vllm,shared,structured,deepseek-ai/DeepSeek-R1-Distill-Llama-8B,12,904271,72.21839600242674,482913,356820,False
vllm,shared,structured,deepseek-ai/DeepSeek-R1-Distill-Llama-8B,13,482913,72.64465600019321,904271,904271,True
vllm,shared,structured,deepseek-ai/DeepSeek-R1-Distill-Llama-8B,13,719045,72.57214300625492,904271,904271,True
vllm,shared,structured,deepseek-ai/DeepSeek-R1-Distill-Llama-8B,13,356820,72.19490798888728,904271,904271,True
vllm,shared,structured,deepseek-ai/DeepSeek-R1-Distill-Llama-8B,13,904271,72.18796499364544,904271,904271,True
vllm,shared,structured,deepseek-ai/DeepSeek-R1-Distill-Llama-8B,14,482913,72.61123199714348,719045,904271,False
vllm,shared,structured,deepseek-ai/DeepSeek-R1-Distill-Llama-8B,14,719045,72.22334000107367,719045,904271,False
vllm,shared,structured,deepseek-ai/DeepSeek-R1-Distill-Llama-8B,14,356820,72.13289198989514,719045,904271,False
vllm,shared,structured,deepseek-ai/DeepSeek-R1-Distill-Llama-8B,14,904271,71.71709700196516,719045,904271,False
vllm,shared,structured,deepseek-ai/DeepSeek-R1-Distill-Llama-8B,15,482913,71.92391400167253,904271,482913,False
vllm,shared,structured,deepseek-ai/DeepSeek-R1-Distill-Llama-8B,15,719045,73.67242299369536,904271,482913,False
vllm,shared,structured,deepseek-ai/DeepSeek-R1-Distill-Llama-8B,15,356820,87.6963490009075,904271,482913,False
vllm,shared,structured,deepseek-ai/DeepSeek-R1-Distill-Llama-8B,15,904271,78.33133699023165,904271,482913,False
vllm,shared,structured,deepseek-ai/DeepSeek-R1-Distill-Llama-8B,16,482913,73.70346300012898,719045,356820,False
vllm,shared,structured,deepseek-ai/DeepSeek-R1-Distill-Llama-8B,16,719045,73.5958940058481,719045,356820,False
vllm,shared,structured,deepseek-ai/DeepSeek-R1-Distill-Llama-8B,16,356820,73.35739600239322,719045,356820,False
vllm,shared,structured,deepseek-ai/DeepSeek-R1-Distill-Llama-8B,16,904271,75.07912100118119,719045,356820,False
vllm,shared,structured,deepseek-ai/DeepSeek-R1-Distill-Llama-8B,17,482913,75.69862900709268,356820,356820,True
vllm,shared,structured,deepseek-ai/DeepSeek-R1-Distill-Llama-8B,17,719045,73.96773700020276,356820,356820,True
vllm,shared,structured,deepseek-ai/DeepSeek-R1-Distill-Llama-8B,17,356820,73.3363890030887,356820,356820,True
vllm,shared,structured,deepseek-ai/DeepSeek-R1-Distill-Llama-8B,17,904271,73.52998999704141,356820,356820,True
vllm,shared,structured,deepseek-ai/DeepSeek-R1-Distill-Llama-8B,18,482913,74.74871799058747,482913,719045,False
vllm,shared,structured,deepseek-ai/DeepSeek-R1-Distill-Llama-8B,18,719045,73.33616400137544,482913,719045,False
vllm,shared,structured,deepseek-ai/DeepSeek-R1-Distill-Llama-8B,18,356820,74.98467199911829,482913,719045,False
vllm,shared,structured,deepseek-ai/DeepSeek-R1-Distill-Llama-8B,18,904271,73.61478998791426,482913,719045,False
vllm,shared,structured,deepseek-ai/DeepSeek-R1-Distill-Llama-8B,19,482913,73.49672500276938,719045,482913,False
vllm,shared,structured,deepseek-ai/DeepSeek-R1-Distill-Llama-8B,19,719045,73.54440599738155,719045,482913,False
vllm,shared,structured,deepseek-ai/DeepSeek-R1-Distill-Llama-8B,19,356820,73.52870999602601,719045,482913,False
vllm,shared,structured,deepseek-ai/DeepSeek-R1-Distill-Llama-8B,19,904271,73.70456701028161,719045,482913,False
vllm,shared,structured,deepseek-ai/DeepSeek-R1-Distill-Llama-8B,20,482913,73.57581399264745,904271,356820,False
vllm,shared,structured,deepseek-ai/DeepSeek-R1-Distill-Llama-8B,20,719045,73.68400800623931,904271,356820,False
vllm,shared,structured,deepseek-ai/DeepSeek-R1-Distill-Llama-8B,20,356820,72.36260500212666,904271,356820,False
vllm,shared,structured,deepseek-ai/DeepSeek-R1-Distill-Llama-8B,20,904271,91.85954699933063,904271,356820,False
vllm,shared,structured,deepseek-ai/DeepSeek-R1-Distill-Llama-8B,21,482913,74.93900800182018,719045,719045,True
vllm,shared,structured,deepseek-ai/DeepSeek-R1-Distill-Llama-8B,21,719045,73.87012099206913,719045,719045,True
vllm,shared,structured,deepseek-ai/DeepSeek-R1-Distill-Llama-8B,21,356820,73.9013689890271,719045,719045,True
vllm,shared,structured,deepseek-ai/DeepSeek-R1-Distill-Llama-8B,21,904271,73.89736900222488,719045,719045,True
vllm,shared,structured,deepseek-ai/DeepSeek-R1-Distill-Llama-8B,22,482913,74.17535499553196,719045,904271,False
vllm,shared,structured,deepseek-ai/DeepSeek-R1-Distill-Llama-8B,22,719045,73.51013401057571,719045,904271,False
vllm,shared,structured,deepseek-ai/DeepSeek-R1-Distill-Llama-8B,22,356820,75.15801800764166,719045,904271,False
vllm,shared,structured,deepseek-ai/DeepSeek-R1-Distill-Llama-8B,22,904271,73.33853200543672,719045,904271,False
vllm,shared,structured,deepseek-ai/DeepSeek-R1-Distill-Llama-8B,23,482913,74.61059000343084,356820,904271,False
vllm,shared,structured,deepseek-ai/DeepSeek-R1-Distill-Llama-8B,23,719045,74.70495899906382,356820,904271,False
vllm,shared,structured,deepseek-ai/DeepSeek-R1-Distill-Llama-8B,23,356820,74.73315099196043,356820,904271,False
vllm,shared,structured,deepseek-ai/DeepSeek-R1-Distill-Llama-8B,23,904271,74.42489299864974,356820,904271,False
vllm,shared,structured,deepseek-ai/DeepSeek-R1-Distill-Llama-8B,24,482913,74.45105299120769,356820,356820,True
vllm,shared,structured,deepseek-ai/DeepSeek-R1-Distill-Llama-8B,24,719045,74.21357900602743,356820,356820,True
vllm,shared,structured,deepseek-ai/DeepSeek-R1-Distill-Llama-8B,24,356820,74.10700200125575,356820,356820,True
vllm,shared,structured,deepseek-ai/DeepSeek-R1-Distill-Llama-8B,24,904271,75.48349200806115,356820,356820,True
vllm,shared,structured,deepseek-ai/DeepSeek-R1-Distill-Llama-8B,25,482913,75.86239000374917,482913,719045,False
vllm,shared,structured,deepseek-ai/DeepSeek-R1-Distill-Llama-8B,25,719045,75.05156900151633,482913,719045,False
vllm,shared,structured,deepseek-ai/DeepSeek-R1-Distill-Llama-8B,25,356820,76.1927610001294,482913,719045,False
vllm,shared,structured,deepseek-ai/DeepSeek-R1-Distill-Llama-8B,25,904271,75.22742600122001,482913,719045,False
vllm,shared,structured,deepseek-ai/DeepSeek-R1-Distill-Llama-8B,26,482913,76.84940700710285,482913,356820,False
vllm,shared,structured,deepseek-ai/DeepSeek-R1-Distill-Llama-8B,26,719045,74.80868700076826,482913,356820,False
vllm,shared,structured,deepseek-ai/DeepSeek-R1-Distill-Llama-8B,26,356820,74.09655400260817,482913,356820,False
vllm,shared,structured,deepseek-ai/DeepSeek-R1-Distill-Llama-8B,26,904271,74.21077899925876,482913,356820,False
vllm,shared,structured,deepseek-ai/DeepSeek-R1-Distill-Llama-8B,27,482913,75.4850119992625,719045,356820,False
vllm,shared,structured,deepseek-ai/DeepSeek-R1-Distill-Llama-8B,27,719045,74.322619009763,719045,356820,False
vllm,shared,structured,deepseek-ai/DeepSeek-R1-Distill-Llama-8B,27,356820,74.112538000918,719045,356820,False
vllm,shared,structured,deepseek-ai/DeepSeek-R1-Distill-Llama-8B,27,904271,74.23509898944758,719045,356820,False
vllm,shared,structured,deepseek-ai/DeepSeek-R1-Distill-Llama-8B,28,482913,75.59443700301927,719045,719045,True
vllm,shared,structured,deepseek-ai/DeepSeek-R1-Distill-Llama-8B,28,719045,74.06746600463521,719045,719045,True
vllm,shared,structured,deepseek-ai/DeepSeek-R1-Distill-Llama-8B,28,356820,74.35770699521527,719045,719045,True
vllm,shared,structured,deepseek-ai/DeepSeek-R1-Distill-Llama-8B,28,904271,74.97347200114746,719045,719045,True
vllm,shared,structured,deepseek-ai/DeepSeek-R1-Distill-Llama-8B,29,482913,76.16530499944929,482913,356820,False
vllm,shared,structured,deepseek-ai/DeepSeek-R1-Distill-Llama-8B,29,719045,74.3700599996373,482913,356820,False
vllm,shared,structured,deepseek-ai/DeepSeek-R1-Distill-Llama-8B,29,356820,74.21591499587521,482913,356820,False
vllm,shared,structured,deepseek-ai/DeepSeek-R1-Distill-Llama-8B,29,904271,74.52551800815854,482913,356820,False
