framework,position,cache_mode,model,trial,probe_candidate,wall_clock_latency_ms,ground_truth_secret,condition
vllm,end,shared,deepseek-ai/DeepSeek-R1-Distill-Llama-8B,0,ok,75.18088500364684,ok,correct
vllm,end,shared,deepseek-ai/DeepSeek-R1-Distill-Llama-8B,0,no,74.12670197663829,ok,wrong
vllm,end,shared,deepseek-ai/DeepSeek-R1-Distill-Llama-8B,1,yes,73.9603330148384,yes,correct
vllm,end,shared,deepseek-ai/DeepSeek-R1-Distill-Llama-8B,1,true,73.80137298605405,yes,wrong
vllm,end,shared,deepseek-ai/DeepSeek-R1-Distill-Llama-8B,2,yes,74.8444199853111,yes,correct
vllm,end,shared,deepseek-ai/DeepSeek-R1-Distill-Llama-8B,2,ok,74.30688000749797,yes,wrong
vllm,end,shared,deepseek-ai/DeepSeek-R1-Distill-Llama-8B,3,yes,75.78935398487374,yes,correct
vllm,end,shared,deepseek-ai/DeepSeek-R1-Distill-Llama-8B,3,no,74.59171398659237,yes,wrong
vllm,end,shared,deepseek-ai/DeepSeek-R1-Distill-Llama-8B,4,yes,74.76664299611002,yes,correct
vllm,end,shared,deepseek-ai/DeepSeek-R1-Distill-Llama-8B,4,no,74.34881699737161,yes,wrong
vllm,end,shared,deepseek-ai/DeepSeek-R1-Distill-Llama-8B,5,false,74.75945900660008,false,correct
vllm,end,shared,deepseek-ai/DeepSeek-R1-Distill-Llama-8B,5,yes,74.16635099798441,false,wrong
vllm,end,shared,deepseek-ai/DeepSeek-R1-Distill-Llama-8B,6,no,74.87523599411361,no,correct
vllm,end,shared,deepseek-ai/DeepSeek-R1-Distill-Llama-8B,6,ok,75.51776798209175,no,wrong
vllm,end,shared,deepseek-ai/DeepSeek-R1-Distill-Llama-8B,7,true,73.977357998956,true,correct
vllm,end,shared,deepseek-ai/DeepSeek-R1-Distill-Llama-8B,7,no,74.46454599266872,true,wrong
vllm,end,shared,deepseek-ai/DeepSeek-R1-Distill-Llama-8B,8,true,75.59040898922831,true,correct
vllm,end,shared,deepseek-ai/DeepSeek-R1-Distill-Llama-8B,8,yes,74.58278600824997,true,wrong
vllm,end,shared,deepseek-ai/DeepSeek-R1-Distill-Llama-8B,9,no,76.28631699481048,no,correct
vllm,end,shared,deepseek-ai/DeepSeek-R1-Distill-Llama-8B,9,false,74.6889470028691,no,wrong
vllm,end,shared,deepseek-ai/DeepSeek-R1-Distill-Llama-8B,10,ok,74.4178729946725,ok,correct
vllm,end,shared,deepseek-ai/DeepSeek-R1-Distill-Llama-8B,10,no,74.19027099967934,ok,wrong
vllm,end,shared,deepseek-ai/DeepSeek-R1-Distill-Llama-8B,11,no,74.08577497699298,no,correct
vllm,end,shared,deepseek-ai/DeepSeek-R1-Distill-Llama-8B,11,ok,74.10422401153482,no,wrong
vllm,end,shared,deepseek-ai/DeepSeek-R1-Distill-Llama-8B,12,yes,73.99766202433966,yes,correct
vllm,end,shared,deepseek-ai/DeepSeek-R1-Distill-Llama-8B,12,ok,74.14535997668281,yes,wrong
vllm,end,shared,deepseek-ai/DeepSeek-R1-Distill-Llama-8B,13,false,76.19962800526991,false,correct
vllm,end,shared,deepseek-ai/DeepSeek-R1-Distill-Llama-8B,13,true,74.30873601697385,false,wrong
vllm,end,shared,deepseek-ai/DeepSeek-R1-Distill-Llama-8B,14,no,74.07916701049544,no,correct
vllm,end,shared,deepseek-ai/DeepSeek-R1-Distill-Llama-8B,14,ok,74.06847900711,no,wrong
vllm,end,shared,deepseek-ai/DeepSeek-R1-Distill-Llama-8B,15,no,74.4795220089145,no,correct
vllm,end,shared,deepseek-ai/DeepSeek-R1-Distill-Llama-8B,15,ok,73.80235000164248,no,wrong
vllm,end,shared,deepseek-ai/DeepSeek-R1-Distill-Llama-8B,16,yes,74.31774499127641,yes,correct
vllm,end,shared,deepseek-ai/DeepSeek-R1-Distill-Llama-8B,16,ok,74.15825600037351,yes,wrong
vllm,end,shared,deepseek-ai/DeepSeek-R1-Distill-Llama-8B,17,ok,74.4288650166709,ok,correct
vllm,end,shared,deepseek-ai/DeepSeek-R1-Distill-Llama-8B,17,true,74.66862699948251,ok,wrong
vllm,end,shared,deepseek-ai/DeepSeek-R1-Distill-Llama-8B,18,no,74.78854799410328,no,correct
vllm,end,shared,deepseek-ai/DeepSeek-R1-Distill-Llama-8B,18,false,75.94743598019704,no,wrong
vllm,end,shared,deepseek-ai/DeepSeek-R1-Distill-Llama-8B,19,false,74.82547601102851,false,correct
vllm,end,shared,deepseek-ai/DeepSeek-R1-Distill-Llama-8B,19,true,74.55387400113977,false,wrong
vllm,end,shared,deepseek-ai/DeepSeek-R1-Distill-Llama-8B,20,false,75.02525299787521,false,correct
vllm,end,shared,deepseek-ai/DeepSeek-R1-Distill-Llama-8B,20,no,73.55092398938723,false,wrong
vllm,end,shared,deepseek-ai/DeepSeek-R1-Distill-Llama-8B,21,true,73.83895799284801,true,correct
vllm,end,shared,deepseek-ai/DeepSeek-R1-Distill-Llama-8B,21,no,73.8654540036805,true,wrong
vllm,end,shared,deepseek-ai/DeepSeek-R1-Distill-Llama-8B,22,no,74.33139299973845,no,correct
vllm,end,shared,deepseek-ai/DeepSeek-R1-Distill-Llama-8B,22,yes,73.8040930009447,no,wrong
vllm,end,shared,deepseek-ai/DeepSeek-R1-Distill-Llama-8B,23,no,73.8942540192511,no,correct
vllm,end,shared,deepseek-ai/DeepSeek-R1-Distill-Llama-8B,23,true,73.99887900101021,no,wrong
vllm,end,shared,deepseek-ai/DeepSeek-R1-Distill-Llama-8B,24,yes,74.62758701876737,yes,correct
vllm,end,shared,deepseek-ai/DeepSeek-R1-Distill-Llama-8B,24,false,73.94279798609205,yes,wrong
vllm,end,shared,deepseek-ai/DeepSeek-R1-Distill-Llama-8B,25,true,74.3111850169953,true,correct
vllm,end,shared,deepseek-ai/DeepSeek-R1-Distill-Llama-8B,25,false,74.32740900549106,true,wrong
vllm,end,shared,deepseek-ai/DeepSeek-R1-Distill-Llama-8B,26,false,74.15177597431466,false,correct
vllm,end,shared,deepseek-ai/DeepSeek-R1-Distill-Llama-8B,26,ok,74.57813099608757,false,wrong
vllm,end,shared,deepseek-ai/DeepSeek-R1-Distill-Llama-8B,27,ok,74.18571200105362,ok,correct
vllm,end,shared,deepseek-ai/DeepSeek-R1-Distill-Llama-8B,27,false,74.09252700745128,ok,wrong
vllm,end,shared,deepseek-ai/DeepSeek-R1-Distill-Llama-8B,28,yes,73.8681259972509,yes,correct
vllm,end,shared,deepseek-ai/DeepSeek-R1-Distill-Llama-8B,28,ok,73.9197590155527,yes,wrong
vllm,end,shared,deepseek-ai/DeepSeek-R1-Distill-Llama-8B,29,ok,73.79023800604045,ok,correct
vllm,end,shared,deepseek-ai/DeepSeek-R1-Distill-Llama-8B,29,true,74.04446299187839,ok,wrong
