framework,position,cache_mode,model,trial,probe_candidate,wall_clock_latency_ms,ground_truth_secret,condition
vllm,middle,cache-disabled,Qwen/Qwen2.5-7B-Instruct,0,yes,71.9975579995662,yes,correct
vllm,middle,cache-disabled,Qwen/Qwen2.5-7B-Instruct,0,ok,72.60160899022594,yes,wrong
vllm,middle,cache-disabled,Qwen/Qwen2.5-7B-Instruct,1,false,71.20344100985676,false,correct
vllm,middle,cache-disabled,Qwen/Qwen2.5-7B-Instruct,1,true,71.39973100856878,false,wrong
vllm,middle,cache-disabled,Qwen/Qwen2.5-7B-Instruct,2,true,71.60742802079767,true,correct
vllm,middle,cache-disabled,Qwen/Qwen2.5-7B-Instruct,2,ok,72.48980199801736,true,wrong
vllm,middle,cache-disabled,Qwen/Qwen2.5-7B-Instruct,3,false,72.65997800277546,false,correct
vllm,middle,cache-disabled,Qwen/Qwen2.5-7B-Instruct,3,ok,71.69051701202989,false,wrong
vllm,middle,cache-disabled,Qwen/Qwen2.5-7B-Instruct,4,ok,71.84098198194988,ok,correct
vllm,middle,cache-disabled,Qwen/Qwen2.5-7B-Instruct,4,false,72.99594898358919,ok,wrong
vllm,middle,cache-disabled,Qwen/Qwen2.5-7B-Instruct,5,true,71.55176400556229,true,correct
vllm,middle,cache-disabled,Qwen/Qwen2.5-7B-Instruct,5,no,71.40872298623435,true,wrong
vllm,middle,cache-disabled,Qwen/Qwen2.5-7B-Instruct,6,no,71.91469401004724,no,correct
vllm,middle,cache-disabled,Qwen/Qwen2.5-7B-Instruct,6,true,71.60585999372415,no,wrong
vllm,middle,cache-disabled,Qwen/Qwen2.5-7B-Instruct,7,ok,73.64816099288873,ok,correct
vllm,middle,cache-disabled,Qwen/Qwen2.5-7B-Instruct,7,false,72.4468260013964,ok,wrong
vllm,middle,cache-disabled,Qwen/Qwen2.5-7B-Instruct,8,true,71.0362090030685,true,correct
vllm,middle,cache-disabled,Qwen/Qwen2.5-7B-Instruct,8,yes,71.5341159957461,true,wrong
vllm,middle,cache-disabled,Qwen/Qwen2.5-7B-Instruct,9,false,72.24346400471404,false,correct
vllm,middle,cache-disabled,Qwen/Qwen2.5-7B-Instruct,9,no,73.65017698612064,false,wrong
vllm,middle,cache-disabled,Qwen/Qwen2.5-7B-Instruct,10,no,72.76977199944668,no,correct
vllm,middle,cache-disabled,Qwen/Qwen2.5-7B-Instruct,10,false,71.27787498757243,no,wrong
vllm,middle,cache-disabled,Qwen/Qwen2.5-7B-Instruct,11,no,71.38597100856714,no,correct
vllm,middle,cache-disabled,Qwen/Qwen2.5-7B-Instruct,11,false,73.35441498435102,no,wrong
vllm,middle,cache-disabled,Qwen/Qwen2.5-7B-Instruct,12,true,73.1777909968514,true,correct
vllm,middle,cache-disabled,Qwen/Qwen2.5-7B-Instruct,12,no,71.564148995094,true,wrong
vllm,middle,cache-disabled,Qwen/Qwen2.5-7B-Instruct,13,true,71.16329899872653,true,correct
vllm,middle,cache-disabled,Qwen/Qwen2.5-7B-Instruct,13,ok,71.11758599057794,true,wrong
vllm,middle,cache-disabled,Qwen/Qwen2.5-7B-Instruct,14,ok,71.95994298672304,ok,correct
vllm,middle,cache-disabled,Qwen/Qwen2.5-7B-Instruct,14,false,71.49482000386342,ok,wrong
vllm,middle,cache-disabled,Qwen/Qwen2.5-7B-Instruct,15,yes,72.82228401163593,yes,correct
vllm,middle,cache-disabled,Qwen/Qwen2.5-7B-Instruct,15,false,71.37131498893723,yes,wrong
vllm,middle,cache-disabled,Qwen/Qwen2.5-7B-Instruct,16,no,71.70435701846145,no,correct
vllm,middle,cache-disabled,Qwen/Qwen2.5-7B-Instruct,16,ok,73.97851499263197,no,wrong
vllm,middle,cache-disabled,Qwen/Qwen2.5-7B-Instruct,17,ok,72.80929299304262,ok,correct
vllm,middle,cache-disabled,Qwen/Qwen2.5-7B-Instruct,17,no,71.40699602314271,ok,wrong
vllm,middle,cache-disabled,Qwen/Qwen2.5-7B-Instruct,18,true,71.25043499399908,true,correct
vllm,middle,cache-disabled,Qwen/Qwen2.5-7B-Instruct,18,ok,73.0591340106912,true,wrong
vllm,middle,cache-disabled,Qwen/Qwen2.5-7B-Instruct,19,yes,73.49670401890762,yes,correct
vllm,middle,cache-disabled,Qwen/Qwen2.5-7B-Instruct,19,ok,72.28996101184748,yes,wrong
vllm,middle,cache-disabled,Qwen/Qwen2.5-7B-Instruct,20,ok,71.58054900355637,ok,correct
vllm,middle,cache-disabled,Qwen/Qwen2.5-7B-Instruct,20,false,73.442527995212,ok,wrong
vllm,middle,cache-disabled,Qwen/Qwen2.5-7B-Instruct,21,yes,71.93056799587794,yes,correct
vllm,middle,cache-disabled,Qwen/Qwen2.5-7B-Instruct,21,no,71.53882100828923,yes,wrong
vllm,middle,cache-disabled,Qwen/Qwen2.5-7B-Instruct,22,no,72.50666699837893,no,correct
vllm,middle,cache-disabled,Qwen/Qwen2.5-7B-Instruct,22,false,71.68453300255351,no,wrong
vllm,middle,cache-disabled,Qwen/Qwen2.5-7B-Instruct,23,true,71.23579501057975,true,correct
vllm,middle,cache-disabled,Qwen/Qwen2.5-7B-Instruct,23,false,72.65423602075316,true,wrong
vllm,middle,cache-disabled,Qwen/Qwen2.5-7B-Instruct,24,no,73.75693001085892,no,correct
vllm,middle,cache-disabled,Qwen/Qwen2.5-7B-Instruct,24,false,71.8464870005846,no,wrong
vllm,middle,cache-disabled,Qwen/Qwen2.5-7B-Instruct,25,false,71.5108849981334,false,correct
vllm,middle,cache-disabled,Qwen/Qwen2.5-7B-Instruct,25,ok,73.89653101563454,false,wrong
vllm,middle,cache-disabled,Qwen/Qwen2.5-7B-Instruct,26,yes,72.66788400011137,yes,correct
vllm,middle,cache-disabled,Qwen/Qwen2.5-7B-Instruct,26,no,71.51181300287135,yes,wrong
vllm,middle,cache-disabled,Qwen/Qwen2.5-7B-Instruct,27,ok,71.99860000400804,ok,correct
vllm,middle,cache-disabled,Qwen/Qwen2.5-7B-Instruct,27,yes,73.71278599021025,ok,wrong
vllm,middle,cache-disabled,Qwen/Qwen2.5-7B-Instruct,28,no,73.5257450141944,no,correct
vllm,middle,cache-disabled,Qwen/Qwen2.5-7B-Instruct,28,ok,71.81389498873614,no,wrong
vllm,middle,cache-disabled,Qwen/Qwen2.5-7B-Instruct,29,no,71.32945998455398,no,correct
vllm,middle,cache-disabled,Qwen/Qwen2.5-7B-Instruct,29,yes,72.69186800112948,no,wrong
