framework,prefix_len,cache_mode,model,trial,probe_candidate,wall_clock_latency_ms,ground_truth_secret,condition
vllm,64,cache-disabled,Qwen/Qwen2.5-7B-Instruct,0,yes,70.29519701609388,yes,correct
vllm,64,cache-disabled,Qwen/Qwen2.5-7B-Instruct,0,true,69.95677901431918,yes,wrong
vllm,64,cache-disabled,Qwen/Qwen2.5-7B-Instruct,1,true,70.07590000284836,true,correct
vllm,64,cache-disabled,Qwen/Qwen2.5-7B-Instruct,1,false,70.67246400401928,true,wrong
vllm,64,cache-disabled,Qwen/Qwen2.5-7B-Instruct,2,yes,70.07447502110153,yes,correct
vllm,64,cache-disabled,Qwen/Qwen2.5-7B-Instruct,2,true,71.0157619905658,yes,wrong
vllm,64,cache-disabled,Qwen/Qwen2.5-7B-Instruct,3,no,70.17881202045828,no,correct
vllm,64,cache-disabled,Qwen/Qwen2.5-7B-Instruct,3,true,71.04280201019719,no,wrong
vllm,64,cache-disabled,Qwen/Qwen2.5-7B-Instruct,4,ok,69.54508001217619,ok,correct
vllm,64,cache-disabled,Qwen/Qwen2.5-7B-Instruct,4,true,69.66215299325995,ok,wrong
vllm,64,cache-disabled,Qwen/Qwen2.5-7B-Instruct,5,true,69.71748100477271,true,correct
vllm,64,cache-disabled,Qwen/Qwen2.5-7B-Instruct,5,ok,70.39171000360511,true,wrong
vllm,64,cache-disabled,Qwen/Qwen2.5-7B-Instruct,6,false,70.3966059954837,false,correct
vllm,64,cache-disabled,Qwen/Qwen2.5-7B-Instruct,6,ok,70.19502099137753,false,wrong
vllm,64,cache-disabled,Qwen/Qwen2.5-7B-Instruct,7,true,69.22934998874553,true,correct
vllm,64,cache-disabled,Qwen/Qwen2.5-7B-Instruct,7,yes,69.53859998611733,true,wrong
vllm,64,cache-disabled,Qwen/Qwen2.5-7B-Instruct,8,true,70.21447698934935,true,correct
vllm,64,cache-disabled,Qwen/Qwen2.5-7B-Instruct,8,yes,70.12857199879363,true,wrong
vllm,64,cache-disabled,Qwen/Qwen2.5-7B-Instruct,9,false,70.58875099755824,false,correct
vllm,64,cache-disabled,Qwen/Qwen2.5-7B-Instruct,9,no,71.7652720049955,false,wrong
vllm,64,cache-disabled,Qwen/Qwen2.5-7B-Instruct,10,true,70.98749000579119,true,correct
vllm,64,cache-disabled,Qwen/Qwen2.5-7B-Instruct,10,ok,70.85587299661711,true,wrong
vllm,64,cache-disabled,Qwen/Qwen2.5-7B-Instruct,11,no,71.27571699675173,no,correct
vllm,64,cache-disabled,Qwen/Qwen2.5-7B-Instruct,11,false,69.84253798145801,no,wrong
vllm,64,cache-disabled,Qwen/Qwen2.5-7B-Instruct,12,yes,69.72111397772096,yes,correct
vllm,64,cache-disabled,Qwen/Qwen2.5-7B-Instruct,12,true,70.1354359916877,yes,wrong
vllm,64,cache-disabled,Qwen/Qwen2.5-7B-Instruct,13,false,69.78581799194217,false,correct
vllm,64,cache-disabled,Qwen/Qwen2.5-7B-Instruct,13,yes,69.93713101837784,false,wrong
vllm,64,cache-disabled,Qwen/Qwen2.5-7B-Instruct,14,false,69.64986500679515,false,correct
vllm,64,cache-disabled,Qwen/Qwen2.5-7B-Instruct,14,yes,69.68704899190925,false,wrong
vllm,64,cache-disabled,Qwen/Qwen2.5-7B-Instruct,15,ok,70.41828701039776,ok,correct
vllm,64,cache-disabled,Qwen/Qwen2.5-7B-Instruct,15,yes,71.16936400416307,ok,wrong
vllm,64,cache-disabled,Qwen/Qwen2.5-7B-Instruct,16,true,69.68751299427822,true,correct
vllm,64,cache-disabled,Qwen/Qwen2.5-7B-Instruct,16,ok,69.6928900142666,true,wrong
vllm,64,cache-disabled,Qwen/Qwen2.5-7B-Instruct,17,no,69.62732097599655,no,correct
vllm,64,cache-disabled,Qwen/Qwen2.5-7B-Instruct,17,yes,70.14662001165561,no,wrong
vllm,64,cache-disabled,Qwen/Qwen2.5-7B-Instruct,18,ok,72.07625001319684,ok,correct
vllm,64,cache-disabled,Qwen/Qwen2.5-7B-Instruct,18,yes,70.3229249920696,ok,wrong
vllm,64,cache-disabled,Qwen/Qwen2.5-7B-Instruct,19,false,70.6350079854019,false,correct
vllm,64,cache-disabled,Qwen/Qwen2.5-7B-Instruct,19,ok,110.23314198246226,false,wrong
vllm,64,cache-disabled,Qwen/Qwen2.5-7B-Instruct,20,yes,72.345740016317,yes,correct
vllm,64,cache-disabled,Qwen/Qwen2.5-7B-Instruct,20,no,70.45430201105773,yes,wrong
vllm,64,cache-disabled,Qwen/Qwen2.5-7B-Instruct,21,ok,70.30250900425017,ok,correct
vllm,64,cache-disabled,Qwen/Qwen2.5-7B-Instruct,21,false,70.32059002085589,ok,wrong
vllm,64,cache-disabled,Qwen/Qwen2.5-7B-Instruct,22,true,70.28401401476003,true,correct
vllm,64,cache-disabled,Qwen/Qwen2.5-7B-Instruct,22,yes,69.88994698622264,true,wrong
vllm,64,cache-disabled,Qwen/Qwen2.5-7B-Instruct,23,true,69.82636198517866,true,correct
vllm,64,cache-disabled,Qwen/Qwen2.5-7B-Instruct,23,no,71.12624298315495,true,wrong
vllm,64,cache-disabled,Qwen/Qwen2.5-7B-Instruct,24,false,70.44622200191952,false,correct
vllm,64,cache-disabled,Qwen/Qwen2.5-7B-Instruct,24,true,70.29346999479458,false,wrong
vllm,64,cache-disabled,Qwen/Qwen2.5-7B-Instruct,25,false,70.33156597753987,false,correct
vllm,64,cache-disabled,Qwen/Qwen2.5-7B-Instruct,25,no,70.89003402506933,false,wrong
vllm,64,cache-disabled,Qwen/Qwen2.5-7B-Instruct,26,no,71.71696700970642,no,correct
vllm,64,cache-disabled,Qwen/Qwen2.5-7B-Instruct,26,ok,70.93803398311138,no,wrong
vllm,64,cache-disabled,Qwen/Qwen2.5-7B-Instruct,27,false,70.1808930025436,false,correct
vllm,64,cache-disabled,Qwen/Qwen2.5-7B-Instruct,27,ok,70.26606201543473,false,wrong
vllm,64,cache-disabled,Qwen/Qwen2.5-7B-Instruct,28,ok,70.09519697749056,ok,correct
vllm,64,cache-disabled,Qwen/Qwen2.5-7B-Instruct,28,no,72.16258699190803,ok,wrong
vllm,64,cache-disabled,Qwen/Qwen2.5-7B-Instruct,29,true,70.49003199790604,true,correct
vllm,64,cache-disabled,Qwen/Qwen2.5-7B-Instruct,29,ok,70.01234800554812,true,wrong
