framework,prefix_len,cache_mode,model,trial,probe_candidate,wall_clock_latency_ms,ground_truth_secret,condition
vllm,16,shared,Qwen/Qwen2.5-7B-Instruct,0,no,71.57736399676651,no,correct
vllm,16,shared,Qwen/Qwen2.5-7B-Instruct,0,yes,73.63289798377082,no,wrong
vllm,16,shared,Qwen/Qwen2.5-7B-Instruct,1,ok,71.69472498935647,ok,correct
vllm,16,shared,Qwen/Qwen2.5-7B-Instruct,1,false,73.16755098872818,ok,wrong
vllm,16,shared,Qwen/Qwen2.5-7B-Instruct,2,true,69.31528402492404,true,correct
vllm,16,shared,Qwen/Qwen2.5-7B-Instruct,2,yes,68.93222499638796,true,wrong
vllm,16,shared,Qwen/Qwen2.5-7B-Instruct,3,yes,68.84032100788318,yes,correct
vllm,16,shared,Qwen/Qwen2.5-7B-Instruct,3,true,68.98044899571687,yes,wrong
vllm,16,shared,Qwen/Qwen2.5-7B-Instruct,4,false,81.01562099182047,false,correct
vllm,16,shared,Qwen/Qwen2.5-7B-Instruct,4,ok,69.10100998356938,false,wrong
vllm,16,shared,Qwen/Qwen2.5-7B-Instruct,5,yes,69.14561899611726,yes,correct
vllm,16,shared,Qwen/Qwen2.5-7B-Instruct,5,true,68.76315199770033,yes,wrong
vllm,16,shared,Qwen/Qwen2.5-7B-Instruct,6,true,78.7164699868299,true,correct
vllm,16,shared,Qwen/Qwen2.5-7B-Instruct,6,false,68.91569797880948,true,wrong
vllm,16,shared,Qwen/Qwen2.5-7B-Instruct,7,yes,68.63134299055673,yes,correct
vllm,16,shared,Qwen/Qwen2.5-7B-Instruct,7,ok,70.50209201406687,yes,wrong
vllm,16,shared,Qwen/Qwen2.5-7B-Instruct,8,ok,68.45423800405115,ok,correct
vllm,16,shared,Qwen/Qwen2.5-7B-Instruct,8,false,70.90270300977863,ok,wrong
vllm,16,shared,Qwen/Qwen2.5-7B-Instruct,9,no,69.07755500287749,no,correct
vllm,16,shared,Qwen/Qwen2.5-7B-Instruct,9,ok,70.35777199780568,no,wrong
vllm,16,shared,Qwen/Qwen2.5-7B-Instruct,10,no,69.05056198593229,no,correct
vllm,16,shared,Qwen/Qwen2.5-7B-Instruct,10,false,68.59764698310755,no,wrong
vllm,16,shared,Qwen/Qwen2.5-7B-Instruct,11,true,69.18600399512798,true,correct
vllm,16,shared,Qwen/Qwen2.5-7B-Instruct,11,ok,69.5282620145008,true,wrong
vllm,16,shared,Qwen/Qwen2.5-7B-Instruct,12,false,69.12152300355956,false,correct
vllm,16,shared,Qwen/Qwen2.5-7B-Instruct,12,ok,68.59486299799755,false,wrong
vllm,16,shared,Qwen/Qwen2.5-7B-Instruct,13,no,69.35650098603219,no,correct
vllm,16,shared,Qwen/Qwen2.5-7B-Instruct,13,false,69.05821099644527,no,wrong
vllm,16,shared,Qwen/Qwen2.5-7B-Instruct,14,ok,69.45781299145892,ok,correct
vllm,16,shared,Qwen/Qwen2.5-7B-Instruct,14,true,69.18813099036925,ok,wrong
vllm,16,shared,Qwen/Qwen2.5-7B-Instruct,15,ok,69.25270799547434,ok,correct
vllm,16,shared,Qwen/Qwen2.5-7B-Instruct,15,no,69.79703201795928,ok,wrong
vllm,16,shared,Qwen/Qwen2.5-7B-Instruct,16,true,69.80031201965176,true,correct
vllm,16,shared,Qwen/Qwen2.5-7B-Instruct,16,yes,69.68955899355933,true,wrong
vllm,16,shared,Qwen/Qwen2.5-7B-Instruct,17,true,70.1073219825048,true,correct
vllm,16,shared,Qwen/Qwen2.5-7B-Instruct,17,ok,69.89703301223926,true,wrong
vllm,16,shared,Qwen/Qwen2.5-7B-Instruct,18,false,69.25235598464496,false,correct
vllm,16,shared,Qwen/Qwen2.5-7B-Instruct,18,no,70.12202599435113,false,wrong
vllm,16,shared,Qwen/Qwen2.5-7B-Instruct,19,true,69.27256399649195,true,correct
vllm,16,shared,Qwen/Qwen2.5-7B-Instruct,19,false,69.3149650178384,true,wrong
vllm,16,shared,Qwen/Qwen2.5-7B-Instruct,20,ok,69.33744499110617,ok,correct
vllm,16,shared,Qwen/Qwen2.5-7B-Instruct,20,no,69.47568600298837,ok,wrong
vllm,16,shared,Qwen/Qwen2.5-7B-Instruct,21,yes,69.12915600696579,yes,correct
vllm,16,shared,Qwen/Qwen2.5-7B-Instruct,21,true,69.3124849931337,yes,wrong
vllm,16,shared,Qwen/Qwen2.5-7B-Instruct,22,true,68.77033700584434,true,correct
vllm,16,shared,Qwen/Qwen2.5-7B-Instruct,22,yes,69.05237099272199,true,wrong
vllm,16,shared,Qwen/Qwen2.5-7B-Instruct,23,ok,69.96511298348196,ok,correct
vllm,16,shared,Qwen/Qwen2.5-7B-Instruct,23,no,69.5925019972492,ok,wrong
vllm,16,shared,Qwen/Qwen2.5-7B-Instruct,24,ok,68.87233801535331,ok,correct
vllm,16,shared,Qwen/Qwen2.5-7B-Instruct,24,false,69.54176700673997,ok,wrong
vllm,16,shared,Qwen/Qwen2.5-7B-Instruct,25,false,69.99954499769956,false,correct
vllm,16,shared,Qwen/Qwen2.5-7B-Instruct,25,ok,69.61090301047079,false,wrong
vllm,16,shared,Qwen/Qwen2.5-7B-Instruct,26,ok,69.5265349932015,ok,correct
vllm,16,shared,Qwen/Qwen2.5-7B-Instruct,26,true,70.75231900671497,ok,wrong
vllm,16,shared,Qwen/Qwen2.5-7B-Instruct,27,false,69.24451599479653,false,correct
vllm,16,shared,Qwen/Qwen2.5-7B-Instruct,27,ok,71.2838260224089,false,wrong
vllm,16,shared,Qwen/Qwen2.5-7B-Instruct,28,yes,69.16307599749416,yes,correct
vllm,16,shared,Qwen/Qwen2.5-7B-Instruct,28,ok,69.17737997719087,yes,wrong
vllm,16,shared,Qwen/Qwen2.5-7B-Instruct,29,yes,69.20982798328623,yes,correct
vllm,16,shared,Qwen/Qwen2.5-7B-Instruct,29,no,68.9037459960673,yes,wrong
