framework,cache_mode,trial,position,probe_digit,wall_clock_latency,ground_truth_digit,position_guess,position_correct
sglang,tenant-isolated,0,0,0,0.33028491999721155,1,4,False
sglang,tenant-isolated,0,0,1,0.33115087600890547,1,4,False
sglang,tenant-isolated,0,0,2,0.3375676039722748,1,4,False
sglang,tenant-isolated,0,0,3,0.3360149069922045,1,4,False
sglang,tenant-isolated,0,0,4,0.3262383029796183,1,4,False
sglang,tenant-isolated,0,0,5,0.3331696569803171,1,4,False
sglang,tenant-isolated,0,0,6,0.3305594010162167,1,4,False
sglang,tenant-isolated,0,0,7,0.3309957080055028,1,4,False
sglang,tenant-isolated,0,0,8,0.3340904940268956,1,4,False
sglang,tenant-isolated,0,0,9,0.3301357669988647,1,4,False
sglang,tenant-isolated,0,1,0,0.32815421803388745,9,4,False
sglang,tenant-isolated,0,1,1,0.32972072501434013,9,4,False
sglang,tenant-isolated,0,1,2,0.33205344300949946,9,4,False
sglang,tenant-isolated,0,1,3,0.3337656930088997,9,4,False
sglang,tenant-isolated,0,1,4,0.3269681789679453,9,4,False
sglang,tenant-isolated,0,1,5,0.3307551310281269,9,4,False
sglang,tenant-isolated,0,1,6,0.3270554600167088,9,4,False
sglang,tenant-isolated,0,1,7,0.33518858201568946,9,4,False
sglang,tenant-isolated,0,1,8,0.3325617180089466,9,4,False
sglang,tenant-isolated,0,1,9,0.3408967609866522,9,4,False
sglang,tenant-isolated,0,2,0,0.33031836099689826,6,9,False
sglang,tenant-isolated,0,2,1,0.3308724280213937,6,9,False
sglang,tenant-isolated,0,2,2,0.3276070160209201,6,9,False
sglang,tenant-isolated,0,2,3,0.33105892495950684,6,9,False
sglang,tenant-isolated,0,2,4,0.32765746500808746,6,9,False
sglang,tenant-isolated,0,2,5,0.33152534399414435,6,9,False
sglang,tenant-isolated,0,2,6,0.3401626130216755,6,9,False
sglang,tenant-isolated,0,2,7,0.3275194800226018,6,9,False
sglang,tenant-isolated,0,2,8,0.32941657898481935,6,9,False
sglang,tenant-isolated,0,2,9,0.32487055100500584,6,9,False
sglang,tenant-isolated,0,3,0,0.33289087301818654,3,9,False
sglang,tenant-isolated,0,3,1,0.33105146896559745,3,9,False
sglang,tenant-isolated,0,3,2,0.32947786001022905,3,9,False
sglang,tenant-isolated,0,3,3,0.34120442799758166,3,9,False
sglang,tenant-isolated,0,3,4,0.3280931320041418,3,9,False
sglang,tenant-isolated,0,3,5,0.3268367549753748,3,9,False
sglang,tenant-isolated,0,3,6,0.33170169801451266,3,9,False
sglang,tenant-isolated,0,3,7,0.3294808840146288,3,9,False
sglang,tenant-isolated,0,3,8,0.32646672101691365,3,9,False
sglang,tenant-isolated,0,3,9,0.3243109490140341,3,9,False
sglang,tenant-isolated,0,4,0,0.3331154980114661,6,4,False
sglang,tenant-isolated,0,4,1,0.32919477100949734,6,4,False
sglang,tenant-isolated,0,4,2,0.33361098903696984,6,4,False
sglang,tenant-isolated,0,4,3,0.33063559600850567,6,4,False
sglang,tenant-isolated,0,4,4,0.32636888104025275,6,4,False
sglang,tenant-isolated,0,4,5,0.3272818149998784,6,4,False
sglang,tenant-isolated,0,4,6,0.341632527008187,6,4,False
sglang,tenant-isolated,0,4,7,0.3279785710037686,6,4,False
sglang,tenant-isolated,0,4,8,0.33073327597230673,6,4,False
sglang,tenant-isolated,0,4,9,0.327915579022374,6,4,False
sglang,tenant-isolated,0,5,0,0.3245998779893853,1,4,False
sglang,tenant-isolated,0,5,1,0.34093293896876276,1,4,False
sglang,tenant-isolated,0,5,2,0.32444047002354637,1,4,False
sglang,tenant-isolated,0,5,3,0.3289246409549378,1,4,False
sglang,tenant-isolated,0,5,4,0.3231677100411616,1,4,False
sglang,tenant-isolated,0,5,5,0.32670361996861175,1,4,False
sglang,tenant-isolated,0,5,6,0.32867680001072586,1,4,False
sglang,tenant-isolated,0,5,7,0.32715191098395735,1,4,False
sglang,tenant-isolated,0,5,8,0.3272990160039626,1,4,False
sglang,tenant-isolated,0,5,9,0.3243667100323364,1,4,False
sglang,tenant-isolated,1,0,0,0.3289641620358452,9,5,False
sglang,tenant-isolated,1,0,1,0.32954987802077085,9,5,False
sglang,tenant-isolated,1,0,2,0.32662344397976995,9,5,False
sglang,tenant-isolated,1,0,3,0.329214628029149,9,5,False
sglang,tenant-isolated,1,0,4,0.3344180830172263,9,5,False
sglang,tenant-isolated,1,0,5,0.32615598500706255,9,5,False
sglang,tenant-isolated,1,0,6,0.33260880899615586,9,5,False
sglang,tenant-isolated,1,0,7,0.32682118902448565,9,5,False
sglang,tenant-isolated,1,0,8,0.3320552369696088,9,5,False
sglang,tenant-isolated,1,0,9,0.332643769972492,9,5,False
sglang,tenant-isolated,1,1,0,0.330643291992601,5,1,False
sglang,tenant-isolated,1,1,1,0.3271012550103478,5,1,False
sglang,tenant-isolated,1,1,2,0.33315566001692787,5,1,False
sglang,tenant-isolated,1,1,3,0.33577826799592003,5,1,False
sglang,tenant-isolated,1,1,4,0.3345699090277776,5,1,False
sglang,tenant-isolated,1,1,5,0.3392184500116855,5,1,False
sglang,tenant-isolated,1,1,6,0.32889257901115343,5,1,False
sglang,tenant-isolated,1,1,7,0.3272441040026024,5,1,False
sglang,tenant-isolated,1,1,8,0.32904374797362834,5,1,False
sglang,tenant-isolated,1,1,9,0.3325314640533179,5,1,False
sglang,tenant-isolated,1,2,0,0.3357975810067728,3,7,False
sglang,tenant-isolated,1,2,1,0.32730439299484715,3,7,False
sglang,tenant-isolated,1,2,2,0.3267146620200947,3,7,False
sglang,tenant-isolated,1,2,3,0.34090113203274086,3,7,False
sglang,tenant-isolated,1,2,4,0.327972237020731,3,7,False
sglang,tenant-isolated,1,2,5,0.33261057001072913,3,7,False
sglang,tenant-isolated,1,2,6,0.33101835200795904,3,7,False
sglang,tenant-isolated,1,2,7,0.3254594539757818,3,7,False
sglang,tenant-isolated,1,2,8,0.32759236299898475,3,7,False
sglang,tenant-isolated,1,2,9,0.33358372800284997,3,7,False
sglang,tenant-isolated,1,3,0,0.33134225802496076,8,2,False
sglang,tenant-isolated,1,3,1,0.3296538799768314,8,2,False
sglang,tenant-isolated,1,3,2,0.3268775910255499,8,2,False
sglang,tenant-isolated,1,3,3,0.33076087897643447,8,2,False
sglang,tenant-isolated,1,3,4,0.3301626030006446,8,2,False
sglang,tenant-isolated,1,3,5,0.3279544609831646,8,2,False
sglang,tenant-isolated,1,3,6,0.3341431719600223,8,2,False
sglang,tenant-isolated,1,3,7,0.329094388987869,8,2,False
sglang,tenant-isolated,1,3,8,0.34174249798525125,8,2,False
sglang,tenant-isolated,1,3,9,0.33254127396503463,8,2,False
sglang,tenant-isolated,1,4,0,0.3252526380238123,3,8,False
sglang,tenant-isolated,1,4,1,0.329762825043872,3,8,False
sglang,tenant-isolated,1,4,2,0.3330996779841371,3,8,False
sglang,tenant-isolated,1,4,3,0.33844358305213973,3,8,False
sglang,tenant-isolated,1,4,4,0.24679572304012254,3,8,False
sglang,tenant-isolated,1,4,5,0.22148118499899283,3,8,False
sglang,tenant-isolated,1,4,6,0.15465616597793996,3,8,False
sglang,tenant-isolated,1,4,7,0.16169800097122788,3,8,False
sglang,tenant-isolated,1,4,8,0.1530112439650111,3,8,False
sglang,tenant-isolated,1,4,9,0.1571680689812638,3,8,False
sglang,tenant-isolated,1,5,0,0.15084779099561274,8,0,False
sglang,tenant-isolated,1,5,1,0.15774140099529177,8,0,False
sglang,tenant-isolated,1,5,2,0.1575850160443224,8,0,False
sglang,tenant-isolated,1,5,3,0.15404467401094735,8,0,False
sglang,tenant-isolated,1,5,4,0.15860785404220223,8,0,False
sglang,tenant-isolated,1,5,5,0.15413525002077222,8,0,False
sglang,tenant-isolated,1,5,6,0.15718058100901544,8,0,False
sglang,tenant-isolated,1,5,7,0.15630931197665632,8,0,False
sglang,tenant-isolated,1,5,8,0.15914068999700248,8,0,False
sglang,tenant-isolated,1,5,9,0.1588489439454861,8,0,False
sglang,tenant-isolated,2,0,0,0.1574370950111188,3,8,False
sglang,tenant-isolated,2,0,1,0.15670283394865692,3,8,False
sglang,tenant-isolated,2,0,2,0.15930846601258963,3,8,False
sglang,tenant-isolated,2,0,3,0.15992925403406844,3,8,False
sglang,tenant-isolated,2,0,4,0.15874206298030913,3,8,False
sglang,tenant-isolated,2,0,5,0.1604516899678856,3,8,False
sglang,tenant-isolated,2,0,6,0.16116809396771714,3,8,False
sglang,tenant-isolated,2,0,7,0.16294940101215616,3,8,False
sglang,tenant-isolated,2,0,8,0.15522178501123562,3,8,False
sglang,tenant-isolated,2,0,9,0.15853927802527323,3,8,False
sglang,tenant-isolated,2,1,0,0.16102919698460028,2,5,False
sglang,tenant-isolated,2,1,1,0.15456424601143226,2,5,False
sglang,tenant-isolated,2,1,2,0.16611170797841623,2,5,False
sglang,tenant-isolated,2,1,3,0.15750248701078817,2,5,False
sglang,tenant-isolated,2,1,4,0.168249418027699,2,5,False
sglang,tenant-isolated,2,1,5,0.14167810196522623,2,5,False
sglang,tenant-isolated,2,1,6,0.15923918597400188,2,5,False
sglang,tenant-isolated,2,1,7,0.31631157494848594,2,5,False
sglang,tenant-isolated,2,1,8,0.34955970000009984,2,5,False
sglang,tenant-isolated,2,1,9,0.33650280302390456,2,5,False
sglang,tenant-isolated,2,2,0,0.32544771203538403,7,0,False
sglang,tenant-isolated,2,2,1,0.3276657090173103,7,0,False
sglang,tenant-isolated,2,2,2,0.332689611997921,7,0,False
sglang,tenant-isolated,2,2,3,0.3278306550346315,7,0,False
sglang,tenant-isolated,2,2,4,0.328108383982908,7,0,False
sglang,tenant-isolated,2,2,5,0.32710101699922234,7,0,False
sglang,tenant-isolated,2,2,6,0.3276270690257661,7,0,False
sglang,tenant-isolated,2,2,7,0.3420108210411854,7,0,False
sglang,tenant-isolated,2,2,8,0.33149214898003265,7,0,False
sglang,tenant-isolated,2,2,9,0.3267996560316533,7,0,False
sglang,tenant-isolated,2,3,0,0.3317129670176655,4,7,False
sglang,tenant-isolated,2,3,1,0.32815099199069664,4,7,False
sglang,tenant-isolated,2,3,2,0.33083780901506543,4,7,False
sglang,tenant-isolated,2,3,3,0.33230215398361906,4,7,False
sglang,tenant-isolated,2,3,4,0.3421650140080601,4,7,False
sglang,tenant-isolated,2,3,5,0.32692503300495446,4,7,False
sglang,tenant-isolated,2,3,6,0.325049837003462,4,7,False
sglang,tenant-isolated,2,3,7,0.32465639599831775,4,7,False
sglang,tenant-isolated,2,3,8,0.33224233001237735,4,7,False
sglang,tenant-isolated,2,3,9,0.3328801579773426,4,7,False
sglang,tenant-isolated,2,4,0,0.3317677999730222,8,1,False
sglang,tenant-isolated,2,4,1,0.3266763120191172,8,1,False
sglang,tenant-isolated,2,4,2,0.3304500309750438,8,1,False
sglang,tenant-isolated,2,4,3,0.32729926001047716,8,1,False
sglang,tenant-isolated,2,4,4,0.33172240701969713,8,1,False
sglang,tenant-isolated,2,4,5,0.32721340301213786,8,1,False
sglang,tenant-isolated,2,4,6,0.32924887200351804,8,1,False
sglang,tenant-isolated,2,4,7,0.33063664101064205,8,1,False
sglang,tenant-isolated,2,4,8,0.3414140510139987,8,1,False
sglang,tenant-isolated,2,4,9,0.32974093896336854,8,1,False
sglang,tenant-isolated,2,5,0,0.33193794498220086,4,1,False
sglang,tenant-isolated,2,5,1,0.32365237397607416,4,1,False
sglang,tenant-isolated,2,5,2,0.32517345499945804,4,1,False
sglang,tenant-isolated,2,5,3,0.32753908599261194,4,1,False
sglang,tenant-isolated,2,5,4,0.33861659397371113,4,1,False
sglang,tenant-isolated,2,5,5,0.3269062020117417,4,1,False
sglang,tenant-isolated,2,5,6,0.3251355349784717,4,1,False
sglang,tenant-isolated,2,5,7,0.32412684097653255,4,1,False
sglang,tenant-isolated,2,5,8,0.32722306897630915,4,1,False
sglang,tenant-isolated,2,5,9,0.32676436100155115,4,1,False
sglang,tenant-isolated,3,0,0,0.3243919460219331,8,0,False
sglang,tenant-isolated,3,0,1,0.3282593790208921,8,0,False
sglang,tenant-isolated,3,0,2,0.32859605201520026,8,0,False
sglang,tenant-isolated,3,0,3,0.3281714579788968,8,0,False
sglang,tenant-isolated,3,0,4,0.33173908095341176,8,0,False
sglang,tenant-isolated,3,0,5,0.3293386499863118,8,0,False
sglang,tenant-isolated,3,0,6,0.330049596959725,8,0,False
sglang,tenant-isolated,3,0,7,0.3257810279610567,8,0,False
sglang,tenant-isolated,3,0,8,0.32979921298101544,8,0,False
sglang,tenant-isolated,3,0,9,0.32890327100176364,8,0,False
sglang,tenant-isolated,3,1,0,0.33499409299110994,6,8,False
sglang,tenant-isolated,3,1,1,0.3331652809865773,6,8,False
sglang,tenant-isolated,3,1,2,0.3291758169652894,6,8,False
sglang,tenant-isolated,3,1,3,0.3296209709951654,6,8,False
sglang,tenant-isolated,3,1,4,0.32941063499310985,6,8,False
sglang,tenant-isolated,3,1,5,0.3365031899884343,6,8,False
sglang,tenant-isolated,3,1,6,0.3395456249709241,6,8,False
sglang,tenant-isolated,3,1,7,0.3312898449948989,6,8,False
sglang,tenant-isolated,3,1,8,0.32521228899713606,6,8,False
sglang,tenant-isolated,3,1,9,0.3337246610317379,6,8,False
sglang,tenant-isolated,3,2,0,0.3322122349636629,8,9,False
sglang,tenant-isolated,3,2,1,0.3328550240257755,8,9,False
sglang,tenant-isolated,3,2,2,0.331858025980182,8,9,False
sglang,tenant-isolated,3,2,3,0.3257087400415912,8,9,False
sglang,tenant-isolated,3,2,4,0.3302022230345756,8,9,False
sglang,tenant-isolated,3,2,5,0.32962122798198834,8,9,False
sglang,tenant-isolated,3,2,6,0.3312474620179273,8,9,False
sglang,tenant-isolated,3,2,7,0.3341747120139189,8,9,False
sglang,tenant-isolated,3,2,8,0.3387607240001671,8,9,False
sglang,tenant-isolated,3,2,9,0.32436670002061874,8,9,False
sglang,tenant-isolated,3,3,0,0.32865677401423454,1,9,False
sglang,tenant-isolated,3,3,1,0.33757081301882863,1,9,False
sglang,tenant-isolated,3,3,2,0.32897400797810405,1,9,False
sglang,tenant-isolated,3,3,3,0.3270130680175498,1,9,False
sglang,tenant-isolated,3,3,4,0.32770254398928955,1,9,False
sglang,tenant-isolated,3,3,5,0.3291832740069367,1,9,False
sglang,tenant-isolated,3,3,6,0.3341475449851714,1,9,False
sglang,tenant-isolated,3,3,7,0.33139842399396,1,9,False
sglang,tenant-isolated,3,3,8,0.3323364449897781,1,9,False
sglang,tenant-isolated,3,3,9,0.32636189699405804,1,9,False
sglang,tenant-isolated,3,4,0,0.3311671590199694,6,7,False
sglang,tenant-isolated,3,4,1,0.33006215997738764,6,7,False
sglang,tenant-isolated,3,4,2,0.32622667896794155,6,7,False
sglang,tenant-isolated,3,4,3,0.32754412799840793,6,7,False
sglang,tenant-isolated,3,4,4,0.32933463499648497,6,7,False
sglang,tenant-isolated,3,4,5,0.3301812650170177,6,7,False
sglang,tenant-isolated,3,4,6,0.3392888249945827,6,7,False
sglang,tenant-isolated,3,4,7,0.3250602890038863,6,7,False
sglang,tenant-isolated,3,4,8,0.33267350401729345,6,7,False
sglang,tenant-isolated,3,4,9,0.3299994230037555,6,7,False
sglang,tenant-isolated,3,5,0,0.33079211600124836,6,7,False
sglang,tenant-isolated,3,5,1,0.3244149889796972,6,7,False
sglang,tenant-isolated,3,5,2,0.3307802760391496,6,7,False
sglang,tenant-isolated,3,5,3,0.32500571297714487,6,7,False
sglang,tenant-isolated,3,5,4,0.3284596219891682,6,7,False
sglang,tenant-isolated,3,5,5,0.32488633604953066,6,7,False
sglang,tenant-isolated,3,5,6,0.3366402640240267,6,7,False
sglang,tenant-isolated,3,5,7,0.3225624819751829,6,7,False
sglang,tenant-isolated,3,5,8,0.32347810303326696,6,7,False
sglang,tenant-isolated,3,5,9,0.32529996999073774,6,7,False
sglang,tenant-isolated,4,0,0,0.3306909800157882,9,3,False
sglang,tenant-isolated,4,0,1,0.3334714939701371,9,3,False
sglang,tenant-isolated,4,0,2,0.33536832098616287,9,3,False
sglang,tenant-isolated,4,0,3,0.32859347900375724,9,3,False
sglang,tenant-isolated,4,0,4,0.33027544198557734,9,3,False
sglang,tenant-isolated,4,0,5,0.3303064180072397,9,3,False
sglang,tenant-isolated,4,0,6,0.3321571970009245,9,3,False
sglang,tenant-isolated,4,0,7,0.3370712749892846,9,3,False
sglang,tenant-isolated,4,0,8,0.3305046909954399,9,3,False
sglang,tenant-isolated,4,0,9,0.32942002901108935,9,3,False
sglang,tenant-isolated,4,1,0,0.3341186979669146,3,9,False
sglang,tenant-isolated,4,1,1,0.3335829499992542,3,9,False
sglang,tenant-isolated,4,1,2,0.33355978201143444,3,9,False
sglang,tenant-isolated,4,1,3,0.346165299997665,3,9,False
sglang,tenant-isolated,4,1,4,0.3314304249943234,3,9,False
sglang,tenant-isolated,4,1,5,0.3324326080037281,3,9,False
sglang,tenant-isolated,4,1,6,0.32627978594973683,3,9,False
sglang,tenant-isolated,4,1,7,0.3275709460140206,3,9,False
sglang,tenant-isolated,4,1,8,0.3289796590106562,3,9,False
sglang,tenant-isolated,4,1,9,0.32601287198485807,3,9,False
sglang,tenant-isolated,4,2,0,0.1851410769741051,7,4,False
sglang,tenant-isolated,4,2,1,0.21629317197948694,7,4,False
sglang,tenant-isolated,4,2,2,0.1571949520148337,7,4,False
sglang,tenant-isolated,4,2,3,0.15749863401288167,7,4,False
sglang,tenant-isolated,4,2,4,0.15677797404350713,7,4,False
sglang,tenant-isolated,4,2,5,0.15768818696960807,7,4,False
sglang,tenant-isolated,4,2,6,0.159516423009336,7,4,False
sglang,tenant-isolated,4,2,7,0.16273341898340732,7,4,False
sglang,tenant-isolated,4,2,8,0.15804937400389463,7,4,False
sglang,tenant-isolated,4,2,9,0.15820500603877008,7,4,False
sglang,tenant-isolated,4,3,0,0.16286111500812694,0,2,False
sglang,tenant-isolated,4,3,1,0.15451767202466726,0,2,False
sglang,tenant-isolated,4,3,2,0.15417202201206237,0,2,False
sglang,tenant-isolated,4,3,3,0.16052593296626583,0,2,False
sglang,tenant-isolated,4,3,4,0.15858736098743975,0,2,False
sglang,tenant-isolated,4,3,5,0.15887896303320304,0,2,False
sglang,tenant-isolated,4,3,6,0.15695626300293952,0,2,False
sglang,tenant-isolated,4,3,7,0.15735485701588914,0,2,False
sglang,tenant-isolated,4,3,8,0.16146051499526948,0,2,False
sglang,tenant-isolated,4,3,9,0.15815041499445215,0,2,False
sglang,tenant-isolated,4,4,0,0.15871457703178748,6,4,False
sglang,tenant-isolated,4,4,1,0.1618929179967381,6,4,False
sglang,tenant-isolated,4,4,2,0.15959963900968432,6,4,False
sglang,tenant-isolated,4,4,3,0.1572907289955765,6,4,False
sglang,tenant-isolated,4,4,4,0.1530800950131379,6,4,False
sglang,tenant-isolated,4,4,5,0.16294740402372554,6,4,False
sglang,tenant-isolated,4,4,6,0.1660608309903182,6,4,False
sglang,tenant-isolated,4,4,7,0.15642041998216882,6,4,False
sglang,tenant-isolated,4,4,8,0.15799742098897696,6,4,False
sglang,tenant-isolated,4,4,9,0.15656898100860417,6,4,False
sglang,tenant-isolated,4,5,0,0.15515948500251397,9,0,False
sglang,tenant-isolated,4,5,1,0.15684107900597155,9,0,False
sglang,tenant-isolated,4,5,2,0.15563916700193658,9,0,False
sglang,tenant-isolated,4,5,3,0.2372146139969118,9,0,False
sglang,tenant-isolated,4,5,4,0.35851032100617886,9,0,False
sglang,tenant-isolated,4,5,5,0.3482279849704355,9,0,False
sglang,tenant-isolated,4,5,6,0.32560171803925186,9,0,False
sglang,tenant-isolated,4,5,7,0.3292304130154662,9,0,False
sglang,tenant-isolated,4,5,8,0.32939372601686046,9,0,False
sglang,tenant-isolated,4,5,9,0.3424964779987931,9,0,False
sglang,tenant-isolated,5,0,0,0.3302593950065784,8,0,False
sglang,tenant-isolated,5,0,1,0.3332642460009083,8,0,False
sglang,tenant-isolated,5,0,2,0.3342091469676234,8,0,False
sglang,tenant-isolated,5,0,3,0.33390991401392967,8,0,False
sglang,tenant-isolated,5,0,4,0.3372383340029046,8,0,False
sglang,tenant-isolated,5,0,5,0.3318288449663669,8,0,False
sglang,tenant-isolated,5,0,6,0.33746231999248266,8,0,False
sglang,tenant-isolated,5,0,7,0.33776401699287817,8,0,False
sglang,tenant-isolated,5,0,8,0.3380193310440518,8,0,False
sglang,tenant-isolated,5,0,9,0.33493353601079434,8,0,False
sglang,tenant-isolated,5,1,0,0.33155687601538375,5,3,False
sglang,tenant-isolated,5,1,1,0.33238953701220453,5,3,False
sglang,tenant-isolated,5,1,2,0.3309057509759441,5,3,False
sglang,tenant-isolated,5,1,3,0.3288901069900021,5,3,False
sglang,tenant-isolated,5,1,4,0.33215668803313747,5,3,False
sglang,tenant-isolated,5,1,5,0.33660727500682697,5,3,False
sglang,tenant-isolated,5,1,6,0.3309530479600653,5,3,False
sglang,tenant-isolated,5,1,7,0.33072432701010257,5,3,False
sglang,tenant-isolated,5,1,8,0.33316752599785104,5,3,False
sglang,tenant-isolated,5,1,9,0.3315554040018469,5,3,False
sglang,tenant-isolated,5,2,0,0.32976208097534254,2,0,False
sglang,tenant-isolated,5,2,1,0.3347625430324115,2,0,False
sglang,tenant-isolated,5,2,2,0.34148645802633837,2,0,False
sglang,tenant-isolated,5,2,3,0.33324691897723824,2,0,False
sglang,tenant-isolated,5,2,4,0.3333574160351418,2,0,False
sglang,tenant-isolated,5,2,5,0.33415806002449244,2,0,False
sglang,tenant-isolated,5,2,6,0.336459242971614,2,0,False
sglang,tenant-isolated,5,2,7,0.3350027690175921,2,0,False
sglang,tenant-isolated,5,2,8,0.3388348260195926,2,0,False
sglang,tenant-isolated,5,2,9,0.3320462550036609,2,0,False
sglang,tenant-isolated,5,3,0,0.329412448045332,6,1,False
sglang,tenant-isolated,5,3,1,0.32855029799975455,6,1,False
sglang,tenant-isolated,5,3,2,0.3305628380039707,6,1,False
sglang,tenant-isolated,5,3,3,0.33309309399919584,6,1,False
sglang,tenant-isolated,5,3,4,0.33543163602007553,6,1,False
sglang,tenant-isolated,5,3,5,0.32927915098844096,6,1,False
sglang,tenant-isolated,5,3,6,0.3454902580124326,6,1,False
sglang,tenant-isolated,5,3,7,0.33453118399484083,6,1,False
sglang,tenant-isolated,5,3,8,0.3345976319978945,6,1,False
sglang,tenant-isolated,5,3,9,0.3390799630433321,6,1,False
sglang,tenant-isolated,5,4,0,0.32875873195007443,3,2,False
sglang,tenant-isolated,5,4,1,0.3387861539958976,3,2,False
sglang,tenant-isolated,5,4,2,0.3256435130024329,3,2,False
sglang,tenant-isolated,5,4,3,0.3419170050183311,3,2,False
sglang,tenant-isolated,5,4,4,0.3275792849599384,3,2,False
sglang,tenant-isolated,5,4,5,0.3315451010130346,3,2,False
sglang,tenant-isolated,5,4,6,0.3318112950073555,3,2,False
sglang,tenant-isolated,5,4,7,0.33290050202049315,3,2,False
sglang,tenant-isolated,5,4,8,0.3347894729813561,3,2,False
sglang,tenant-isolated,5,4,9,0.33284050202928483,3,2,False
sglang,tenant-isolated,5,5,0,0.33399194898083806,8,2,False
sglang,tenant-isolated,5,5,1,0.32813544798409566,8,2,False
sglang,tenant-isolated,5,5,2,0.322091810987331,8,2,False
sglang,tenant-isolated,5,5,3,0.32810012000845745,8,2,False
sglang,tenant-isolated,5,5,4,0.3287947170319967,8,2,False
sglang,tenant-isolated,5,5,5,0.3292913920013234,8,2,False
sglang,tenant-isolated,5,5,6,0.3323245790088549,8,2,False
sglang,tenant-isolated,5,5,7,0.32717395498184487,8,2,False
sglang,tenant-isolated,5,5,8,0.3390254840487614,8,2,False
sglang,tenant-isolated,5,5,9,0.32455030601704493,8,2,False
sglang,tenant-isolated,6,0,0,0.33115770696895197,0,0,True
sglang,tenant-isolated,6,0,1,0.3368437099852599,0,0,True
sglang,tenant-isolated,6,0,2,0.3370812320499681,0,0,True
sglang,tenant-isolated,6,0,3,0.3378633810207248,0,0,True
sglang,tenant-isolated,6,0,4,0.33740920200943947,0,0,True
sglang,tenant-isolated,6,0,5,0.331697071029339,0,0,True
sglang,tenant-isolated,6,0,6,0.33485494600608945,0,0,True
sglang,tenant-isolated,6,0,7,0.3339740129886195,0,0,True
sglang,tenant-isolated,6,0,8,0.3348861949634738,0,0,True
sglang,tenant-isolated,6,0,9,0.3343809429788962,0,0,True
sglang,tenant-isolated,6,1,0,0.33402745402418077,2,1,False
sglang,tenant-isolated,6,1,1,0.3312899329466745,2,1,False
sglang,tenant-isolated,6,1,2,0.33776798902545124,2,1,False
sglang,tenant-isolated,6,1,3,0.3328839100431651,2,1,False
sglang,tenant-isolated,6,1,4,0.3385750020388514,2,1,False
sglang,tenant-isolated,6,1,5,0.33627295499900356,2,1,False
sglang,tenant-isolated,6,1,6,0.3354396869544871,2,1,False
sglang,tenant-isolated,6,1,7,0.3376492679817602,2,1,False
sglang,tenant-isolated,6,1,8,0.3319194719661027,2,1,False
sglang,tenant-isolated,6,1,9,0.33299035899108276,2,1,False
sglang,tenant-isolated,6,2,0,0.3344448649440892,1,7,False
sglang,tenant-isolated,6,2,1,0.34264245198573917,1,7,False
sglang,tenant-isolated,6,2,2,0.32889740698738024,1,7,False
sglang,tenant-isolated,6,2,3,0.3285676760133356,1,7,False
sglang,tenant-isolated,6,2,4,0.3321058739675209,1,7,False
sglang,tenant-isolated,6,2,5,0.33432208001613617,1,7,False
sglang,tenant-isolated,6,2,6,0.32935953699052334,1,7,False
sglang,tenant-isolated,6,2,7,0.3248523570364341,1,7,False
sglang,tenant-isolated,6,2,8,0.3307211939827539,1,7,False
sglang,tenant-isolated,6,2,9,0.3336860599811189,1,7,False
sglang,tenant-isolated,6,3,0,0.3296238600159995,7,0,False
sglang,tenant-isolated,6,3,1,0.3306650819722563,7,0,False
sglang,tenant-isolated,6,3,2,0.3301160059636459,7,0,False
sglang,tenant-isolated,6,3,3,0.334077677980531,7,0,False
sglang,tenant-isolated,6,3,4,0.335193253995385,7,0,False
sglang,tenant-isolated,6,3,5,0.3349554439773783,7,0,False
sglang,tenant-isolated,6,3,6,0.33417318295687437,7,0,False
sglang,tenant-isolated,6,3,7,0.34313058300176635,7,0,False
sglang,tenant-isolated,6,3,8,0.33245016500586644,7,0,False
sglang,tenant-isolated,6,3,9,0.3296482430305332,7,0,False
sglang,tenant-isolated,6,4,0,0.33425881603034213,4,8,False
sglang,tenant-isolated,6,4,1,0.33282375195994973,4,8,False
sglang,tenant-isolated,6,4,2,0.24201130197616294,4,8,False
sglang,tenant-isolated,6,4,3,0.24870723200729117,4,8,False
sglang,tenant-isolated,6,4,4,0.3440757089992985,4,8,False
sglang,tenant-isolated,6,4,5,0.2949644449981861,4,8,False
sglang,tenant-isolated,6,4,6,0.1586040830006823,4,8,False
sglang,tenant-isolated,6,4,7,0.15669914399040863,4,8,False
sglang,tenant-isolated,6,4,8,0.1561802290380001,4,8,False
sglang,tenant-isolated,6,4,9,0.1588971259770915,4,8,False
sglang,tenant-isolated,6,5,0,0.15841560199623927,9,8,False
sglang,tenant-isolated,6,5,1,0.1536789329838939,9,8,False
sglang,tenant-isolated,6,5,2,0.15416642400668934,9,8,False
sglang,tenant-isolated,6,5,3,0.15848101099254563,9,8,False
sglang,tenant-isolated,6,5,4,0.15807881602086127,9,8,False
sglang,tenant-isolated,6,5,5,0.1599171319976449,9,8,False
sglang,tenant-isolated,6,5,6,0.15722469898173586,9,8,False
sglang,tenant-isolated,6,5,7,0.15761711698723957,9,8,False
sglang,tenant-isolated,6,5,8,0.1531925949966535,9,8,False
sglang,tenant-isolated,6,5,9,0.16173306299606338,9,8,False
sglang,tenant-isolated,7,0,0,0.15899453399470076,4,8,False
sglang,tenant-isolated,7,0,1,0.15883490099804476,4,8,False
sglang,tenant-isolated,7,0,2,0.15520820702658966,4,8,False
sglang,tenant-isolated,7,0,3,0.16005505295470357,4,8,False
sglang,tenant-isolated,7,0,4,0.1567320079775527,4,8,False
sglang,tenant-isolated,7,0,5,0.1564784709480591,4,8,False
sglang,tenant-isolated,7,0,6,0.16156887001125142,4,8,False
sglang,tenant-isolated,7,0,7,0.15863757202168927,4,8,False
sglang,tenant-isolated,7,0,8,0.154031815007329,4,8,False
sglang,tenant-isolated,7,0,9,0.16099014703650028,4,8,False
sglang,tenant-isolated,7,1,0,0.15697660099249333,7,0,False
sglang,tenant-isolated,7,1,1,0.1579560000100173,7,0,False
sglang,tenant-isolated,7,1,2,0.15776650997577235,7,0,False
sglang,tenant-isolated,7,1,3,0.3565497539821081,7,0,False
sglang,tenant-isolated,7,1,4,0.34979963302612305,7,0,False
sglang,tenant-isolated,7,1,5,0.33865407604025677,7,0,False
sglang,tenant-isolated,7,1,6,0.33201793901389465,7,0,False
sglang,tenant-isolated,7,1,7,0.3406658169697039,7,0,False
sglang,tenant-isolated,7,1,8,0.3256978680146858,7,0,False
sglang,tenant-isolated,7,1,9,0.3255428270203993,7,0,False
sglang,tenant-isolated,7,2,0,0.33250352600589395,2,5,False
sglang,tenant-isolated,7,2,1,0.3305735469912179,2,5,False
sglang,tenant-isolated,7,2,2,0.3435946350218728,2,5,False
sglang,tenant-isolated,7,2,3,0.3286703990306705,2,5,False
sglang,tenant-isolated,7,2,4,0.33107527799438685,2,5,False
sglang,tenant-isolated,7,2,5,0.32581591699272394,2,5,False
sglang,tenant-isolated,7,2,6,0.33344649302307516,2,5,False
sglang,tenant-isolated,7,2,7,0.3301186799653806,2,5,False
sglang,tenant-isolated,7,2,8,0.3354246799717657,2,5,False
sglang,tenant-isolated,7,2,9,0.3300613999599591,2,5,False
sglang,tenant-isolated,7,3,0,0.32981762202689424,5,8,False
sglang,tenant-isolated,7,3,1,0.32988400699105114,5,8,False
sglang,tenant-isolated,7,3,2,0.33022837701719254,5,8,False
sglang,tenant-isolated,7,3,3,0.33441772998776287,5,8,False
sglang,tenant-isolated,7,3,4,0.32647694600746036,5,8,False
sglang,tenant-isolated,7,3,5,0.34040594298858196,5,8,False
sglang,tenant-isolated,7,3,6,0.3256934839882888,5,8,False
sglang,tenant-isolated,7,3,7,0.3302669209660962,5,8,False
sglang,tenant-isolated,7,3,8,0.32566058897646144,5,8,False
sglang,tenant-isolated,7,3,9,0.32888768101111054,5,8,False
sglang,tenant-isolated,7,4,0,0.3253756270278245,4,9,False
sglang,tenant-isolated,7,4,1,0.3346592839807272,4,9,False
sglang,tenant-isolated,7,4,2,0.33647777599981055,4,9,False
sglang,tenant-isolated,7,4,3,0.32959227700484917,4,9,False
sglang,tenant-isolated,7,4,4,0.33725235698511824,4,9,False
sglang,tenant-isolated,7,4,5,0.32973446999676526,4,9,False
sglang,tenant-isolated,7,4,6,0.32728456699987873,4,9,False
sglang,tenant-isolated,7,4,7,0.33266339998226613,4,9,False
sglang,tenant-isolated,7,4,8,0.3337184630217962,4,9,False
sglang,tenant-isolated,7,4,9,0.3230001240153797,4,9,False
sglang,tenant-isolated,7,5,0,0.3256427170126699,6,7,False
sglang,tenant-isolated,7,5,1,0.3254166839760728,6,7,False
sglang,tenant-isolated,7,5,2,0.32584876602049917,6,7,False
sglang,tenant-isolated,7,5,3,0.3229641239740886,6,7,False
sglang,tenant-isolated,7,5,4,0.3313158570090309,6,7,False
sglang,tenant-isolated,7,5,5,0.3274495609803125,6,7,False
sglang,tenant-isolated,7,5,6,0.33811773802153766,6,7,False
sglang,tenant-isolated,7,5,7,0.32260333898011595,6,7,False
sglang,tenant-isolated,7,5,8,0.3240768520045094,6,7,False
sglang,tenant-isolated,7,5,9,0.32730415201513097,6,7,False
sglang,tenant-isolated,8,0,0,0.329123507020995,0,3,False
sglang,tenant-isolated,8,0,1,0.3330812110216357,0,3,False
sglang,tenant-isolated,8,0,2,0.3347773340065032,0,3,False
sglang,tenant-isolated,8,0,3,0.32742472802056,0,3,False
sglang,tenant-isolated,8,0,4,0.3284945120103657,0,3,False
sglang,tenant-isolated,8,0,5,0.3287423209985718,0,3,False
sglang,tenant-isolated,8,0,6,0.3309625100228004,0,3,False
sglang,tenant-isolated,8,0,7,0.33168080303585157,0,3,False
sglang,tenant-isolated,8,0,8,0.33449917199322954,0,3,False
sglang,tenant-isolated,8,0,9,0.33808199502527714,0,3,False
sglang,tenant-isolated,8,1,0,0.33259016898227856,7,2,False
sglang,tenant-isolated,8,1,1,0.3290507070487365,7,2,False
sglang,tenant-isolated,8,1,2,0.3270373180275783,7,2,False
sglang,tenant-isolated,8,1,3,0.3292698599980213,7,2,False
sglang,tenant-isolated,8,1,4,0.3351971450028941,7,2,False
sglang,tenant-isolated,8,1,5,0.3332400770159438,7,2,False
sglang,tenant-isolated,8,1,6,0.3295863899984397,7,2,False
sglang,tenant-isolated,8,1,7,0.33864281402202323,7,2,False
sglang,tenant-isolated,8,1,8,0.33003266499144956,7,2,False
sglang,tenant-isolated,8,1,9,0.32765538699459285,7,2,False
sglang,tenant-isolated,8,2,0,0.32885908999014646,7,1,False
sglang,tenant-isolated,8,2,1,0.3253461249987595,7,1,False
sglang,tenant-isolated,8,2,2,0.33068082900717854,7,1,False
sglang,tenant-isolated,8,2,3,0.3323803599923849,7,1,False
sglang,tenant-isolated,8,2,4,0.33130436897045,7,1,False
sglang,tenant-isolated,8,2,5,0.33346247900044546,7,1,False
sglang,tenant-isolated,8,2,6,0.33552082697860897,7,1,False
sglang,tenant-isolated,8,2,7,0.34036239300621673,7,1,False
sglang,tenant-isolated,8,2,8,0.3267470780410804,7,1,False
sglang,tenant-isolated,8,2,9,0.32631566701456904,7,1,False
sglang,tenant-isolated,8,3,0,0.3318239249638282,3,8,False
sglang,tenant-isolated,8,3,1,0.3307016139733605,3,8,False
sglang,tenant-isolated,8,3,2,0.32909744401695207,3,8,False
sglang,tenant-isolated,8,3,3,0.33884737599873915,3,8,False
sglang,tenant-isolated,8,3,4,0.33044500404503196,3,8,False
sglang,tenant-isolated,8,3,5,0.3279470690176822,3,8,False
sglang,tenant-isolated,8,3,6,0.3301812430145219,3,8,False
sglang,tenant-isolated,8,3,7,0.3297287279856391,3,8,False
sglang,tenant-isolated,8,3,8,0.32615516998339444,3,8,False
sglang,tenant-isolated,8,3,9,0.33189518901053816,3,8,False
sglang,tenant-isolated,8,4,0,0.3313846259843558,8,9,False
sglang,tenant-isolated,8,4,1,0.3338990100310184,8,9,False
sglang,tenant-isolated,8,4,2,0.3287161940243095,8,9,False
sglang,tenant-isolated,8,4,3,0.3244546309579164,8,9,False
sglang,tenant-isolated,8,4,4,0.3317252039560117,8,9,False
sglang,tenant-isolated,8,4,5,0.33541082800365984,8,9,False
sglang,tenant-isolated,8,4,6,0.33649437001440674,8,9,False
sglang,tenant-isolated,8,4,7,0.32932045398047194,8,9,False
sglang,tenant-isolated,8,4,8,0.33945554099045694,8,9,False
sglang,tenant-isolated,8,4,9,0.32302607904421166,8,9,False
sglang,tenant-isolated,8,5,0,0.3284795840154402,7,6,False
sglang,tenant-isolated,8,5,1,0.3287189300172031,7,6,False
sglang,tenant-isolated,8,5,2,0.32361688296077773,7,6,False
sglang,tenant-isolated,8,5,3,0.3240591420326382,7,6,False
sglang,tenant-isolated,8,5,4,0.3281735990312882,7,6,False
sglang,tenant-isolated,8,5,5,0.3280119340051897,7,6,False
sglang,tenant-isolated,8,5,6,0.3231292470009066,7,6,False
sglang,tenant-isolated,8,5,7,0.33720640698447824,7,6,False
sglang,tenant-isolated,8,5,8,0.32430509600089863,7,6,False
sglang,tenant-isolated,8,5,9,0.3257030879613012,7,6,False
sglang,tenant-isolated,9,0,0,0.32716327300295234,7,3,False
sglang,tenant-isolated,9,0,1,0.3295166640309617,7,3,False
sglang,tenant-isolated,9,0,2,0.3316901649814099,7,3,False
sglang,tenant-isolated,9,0,3,0.32696584798395634,7,3,False
sglang,tenant-isolated,9,0,4,0.328462177014444,7,3,False
sglang,tenant-isolated,9,0,5,0.3330970539827831,7,3,False
sglang,tenant-isolated,9,0,6,0.3311923699802719,7,3,False
sglang,tenant-isolated,9,0,7,0.32887725200271234,7,3,False
sglang,tenant-isolated,9,0,8,0.32967930496670306,7,3,False
sglang,tenant-isolated,9,0,9,0.3287998109590262,7,3,False
sglang,tenant-isolated,9,1,0,0.3306585910031572,7,6,False
sglang,tenant-isolated,9,1,1,0.3320154629764147,7,6,False
sglang,tenant-isolated,9,1,2,0.33040801400784403,7,6,False
sglang,tenant-isolated,9,1,3,0.3310842419741675,7,6,False
sglang,tenant-isolated,9,1,4,0.33060067100450397,7,6,False
sglang,tenant-isolated,9,1,5,0.3295395920285955,7,6,False
sglang,tenant-isolated,9,1,6,0.3285093459999189,7,6,False
sglang,tenant-isolated,9,1,7,0.33905224298359826,7,6,False
sglang,tenant-isolated,9,1,8,0.3306127830292098,7,6,False
sglang,tenant-isolated,9,1,9,0.3286194109823555,7,6,False
sglang,tenant-isolated,9,2,0,0.28242890001274645,9,6,False
sglang,tenant-isolated,9,2,1,0.16451445798156783,9,6,False
sglang,tenant-isolated,9,2,2,0.21902037999825552,9,6,False
sglang,tenant-isolated,9,2,3,0.15726630197605118,9,6,False
sglang,tenant-isolated,9,2,4,0.1581858599674888,9,6,False
sglang,tenant-isolated,9,2,5,0.15868786303326488,9,6,False
sglang,tenant-isolated,9,2,6,0.15459364495472983,9,6,False
sglang,tenant-isolated,9,2,7,0.15806739503750578,9,6,False
sglang,tenant-isolated,9,2,8,0.15713207703083754,9,6,False
sglang,tenant-isolated,9,2,9,0.16690698498860002,9,6,False
sglang,tenant-isolated,9,3,0,0.1579775550053455,2,3,False
sglang,tenant-isolated,9,3,1,0.15919488901272416,2,3,False
sglang,tenant-isolated,9,3,2,0.1615875440184027,2,3,False
sglang,tenant-isolated,9,3,3,0.15531387401279062,2,3,False
sglang,tenant-isolated,9,3,4,0.1626789120491594,2,3,False
sglang,tenant-isolated,9,3,5,0.16071341099450365,2,3,False
sglang,tenant-isolated,9,3,6,0.1591709689819254,2,3,False
sglang,tenant-isolated,9,3,7,0.16020007897168398,2,3,False
sglang,tenant-isolated,9,3,8,0.15558401902671903,2,3,False
sglang,tenant-isolated,9,3,9,0.16157216799911112,2,3,False
sglang,tenant-isolated,9,4,0,0.15398517798166722,2,0,False
sglang,tenant-isolated,9,4,1,0.15812832402298227,2,0,False
sglang,tenant-isolated,9,4,2,0.1671041389927268,2,0,False
sglang,tenant-isolated,9,4,3,0.15509387297788635,2,0,False
sglang,tenant-isolated,9,4,4,0.1581793799996376,2,0,False
sglang,tenant-isolated,9,4,5,0.15692857204703614,2,0,False
sglang,tenant-isolated,9,4,6,0.15816014795564115,2,0,False
sglang,tenant-isolated,9,4,7,0.15803712198976427,2,0,False
sglang,tenant-isolated,9,4,8,0.15627082396531478,2,0,False
sglang,tenant-isolated,9,4,9,0.16204055497655645,2,0,False
sglang,tenant-isolated,9,5,0,0.15673095401143655,2,2,True
sglang,tenant-isolated,9,5,1,0.17230500403093174,2,2,True
sglang,tenant-isolated,9,5,2,0.1470178869785741,2,2,True
sglang,tenant-isolated,9,5,3,0.1573733749683015,2,2,True
sglang,tenant-isolated,9,5,4,0.3354712610016577,2,2,True
sglang,tenant-isolated,9,5,5,0.35036900197155774,2,2,True
sglang,tenant-isolated,9,5,6,0.3322927779518068,2,2,True
sglang,tenant-isolated,9,5,7,0.33324348798487335,2,2,True
sglang,tenant-isolated,9,5,8,0.3293143440387212,2,2,True
sglang,tenant-isolated,9,5,9,0.3335383859812282,2,2,True
