latency_ms,cached_tokens
133.90684803016484,7
135.6078980024904,7
136.21409400366247,6
135.9592599910684,5
138.43887601979077,5
138.77388602122664,7
141.49806305067614,7
142.37219700589776,5
142.5641659880057,7
144.58248298615217,6
198.63551302114502,6
203.97354697342962,6
198.8513059914112,5
209.47430096566677,7
208.43610301380977,5
212.23526302492246,5
203.70216900482774,6
209.42700502928346,5
212.10474998224527,7
209.589614009019,7
203.01994099281728,6
200.4426919738762,6
205.194290028885,6
206.40684198588133,7
211.94751700386405,6
207.44520099833608,5
213.8157049776055,6
204.5237899874337,7
211.5709859644994,6
209.67383799143136,6
195.16806700266898,6
199.501583003439,7
205.72032599011436,6
206.38436096487567,7
203.19438999285921,6
210.12646600138396,5
205.53605305030942,5
205.881207017228,5
214.38999596284702,5
209.2290999717079,6
209.33545200387016,6
214.04005796648562,6
216.85861999867484,5
214.01698602130637,6
210.9575270442292,6
213.48866302287206,7
210.26166604133323,7
214.99790501547977,6
220.42669000802562,6
217.2947190119885,5
191.92111800657585,5
191.63607602240518,6
196.97809405624866,5
198.365863005165,7
204.7521589556709,5
200.3473470103927,6
204.75275203352794,6
198.71394598158076,6
205.92717500403523,6
210.81461402354762,6
203.19026202196255,6
208.74573598848656,6
209.3891329714097,7
208.8068890152499,7
207.42662501288578,7
206.02754404535517,5
214.2632920295,5
208.0997489974834,6
207.81565102515742,6
210.44243598589674,6
196.88122998923063,6
203.52599100442603,7
204.44257301278412,7
203.00126896472648,6
206.96647698059678,6
210.51416400587186,5
203.4119430463761,7
207.47073600068688,6
209.65017401613295,6
206.61649201065302,5
203.8743770099245,5
195.95936802215874,6
206.52709901332855,6
199.82987199909985,6
202.73584203096107,6
201.0776239912957,6
208.0386130255647,6
208.28842202899978,6
206.731052021496,5
205.3395400289446,5
198.14410200342536,5
197.99381296616048,5
200.18812996568158,6
204.0218510082923,6
205.537331989035,6
200.13355399714783,6
205.0790730281733,6
209.94239998981357,6
212.57769700605422,6
205.84304601652548,6
190.44310896424577,7
192.85429298179224,6
200.73754200711846,6
198.07370100170374,5
200.11694601271302,6
202.207438996993,6
207.33206399017945,6
207.1785110165365,7
199.6090550092049,5
206.41541801160201,6
208.74727296177298,5
204.9535209662281,7
202.3685600142926,5
202.64496200252324,5
206.29600901156664,5
214.49719701195136,6
211.77084400551394,5
207.16625498607755,6
212.26006298093125,6
213.6969199636951,7
200.3433959907852,5
204.996800981462,5
207.8165310085751,7
210.10681701591238,6
203.4107910003513,6
202.98345998162404,6
206.75205998122692,7
212.14241499546915,6
210.13260999461636,7
213.30747799947858,6
198.67887301370502,6
199.3959170067683,6
199.37114900676534,7
199.63596703018993,6
205.36845200695097,6
207.94782700249925,6
209.62961402256042,6
209.22121201874688,7
209.91878397762775,6
210.19089804030955,6
205.19489899743348,6
206.13180001964793,5
210.47366701532155,6
207.012590020895,6
208.58341600978747,5
205.16456197947264,6
205.15432197134942,6
205.8160859742202,5
208.9721219963394,6
210.94901498872787,5
203.5291760112159,6
199.43007797701284,6
199.4053419912234,6
208.6521039600484,5
206.03229495463893,5
206.26191300107166,5
204.5547820162028,6
206.23007300309837,7
203.76392896287143,5
210.77256504213437,6
204.49594996171072,5
205.35619603469968,7
202.20684801461175,7
210.66341298865154,7
205.09952201973647,6
207.14606303954497,7
204.8500799573958,6
206.52325899573043,7
213.47925497684628,6
210.69368597818539,6
206.495275022462,5
198.501591978129,6
202.28881598450243,6
206.55417098896578,5
204.53071902738884,6
207.52785698277876,6
203.89839401468635,5
206.24685700749978,6
207.9187390045263,7
204.74900800036266,6
207.8440830227919,6
208.1297970144078,6
209.11453902954236,5
206.39645803021267,5
210.47710796119645,7
208.9714829926379,6
208.73095298884436,5
207.89246703498065,6
212.75494596920907,5
209.93124903179705,7
200.06870600627735,6
205.4283720208332,7
199.51700698584318,5
204.61623900337145,6
201.81754900841042,7
200.296722992789,6
204.72430402878672,7
203.03434098605067,6
200.72869397699833,7
204.72943905042484,6
