ttft_ms,total_latency_ms,cached_tokens_ttft_req
183.24765702709556,2282.6635469682515,6
189.37556201126426,2278.6351040704176,6
188.65760904736817,2280.216371989809,6
180.86533003952354,2288.6057080468163,6
182.55701498128474,2287.5693689566106,6
163.3977600140497,2309.133510920219,6
187.3795569408685,2286.1143249319866,6
187.1334599563852,2285.638452041894,6
179.91467204410583,2294.9301099870354,6
182.03627795446664,2293.8221390359104,6
121.39645707793534,2196.1063409689814,7
120.72884000372142,2196.3109489297494,7
124.00219205301255,2194.7321291081607,7
133.19780305027962,2193.396509042941,7
127.75809096638113,2194.301248062402,7
123.70217591524124,2202.452583005652,7
128.52450902573764,2197.1489840652794,7
129.1206229943782,2196.0906769381836,7
120.45691802632064,2199.7850390616804,7
130.20158594008535,2198.9477729657665,7
140.00095799565315,2187.113225925714,6
133.76970798708498,2195.5391209339723,6
138.65474599879235,2192.061336012557,6
134.60332690738142,2199.8962219804525,6
140.07943798787892,2194.317262037657,6
139.2196910455823,2193.288428010419,6
140.54563199169934,2197.706679929979,6
140.8462559338659,2195.737153990194,6
137.2390789911151,2195.451008970849,6
140.95148898195475,2197.890184004791,6
132.80637795105577,2183.664256008342,7
140.93830494675785,2184.499217895791,7
129.09225502517074,2191.1724370438606,7
133.4717710269615,2189.1189430607483,7
135.05494396667928,2190.952179953456,7
135.9903229167685,2185.8661179430783,7
133.43127502594143,2189.5800159545615,7
136.16205099970102,2187.9112910246477,7
128.8601099513471,2196.4388359338045,7
135.01812797039747,2193.2007470168173,7
141.1835850449279,2191.438402980566,6
135.17041702289134,2194.6110519347712,6
137.029686011374,2192.5856699235737,6
138.69593001436442,2190.0133589515463,6
138.9105870621279,2193.0539429886267,6
138.40935402549803,2191.927075968124,6
140.84379305131733,2193.77519399859,6
138.53791391011328,2196.7227220302448,6
137.03733298461884,2200.4199490183964,6
140.20297501701862,2196.209552930668,6
128.7145100068301,2189.883646904491,7
125.07656402885914,2195.2919819159433,7
125.6619889754802,2192.3939420375973,7
132.60103296488523,2192.491702036932,7
128.88138997368515,2191.2075229920447,7
123.96155297756195,2198.2179259648547,7
129.40144003368914,2196.70304202009,7
129.64641698636115,2195.971135981381,7
125.23283599875867,2196.3638889137655,7
127.05324101261795,2195.1675179880112,7
136.6977640427649,2189.0965070342645,6
134.60671808570623,2189.1540439100936,6
137.66383100301027,2190.0176140479743,6
136.82531705126166,2188.3207610808313,6
140.21003001835197,2192.4710769671947,6
135.66561695188284,2190.1341740740463,6
138.0282959435135,2189.518283936195,6
135.48928103409708,2192.7252049790695,6
133.86286003515124,2198.9052719436586,6
138.6755930725485,2193.9855300588533,6
138.04632797837257,2178.8610049989074,7
137.98883999697864,2178.0325220897794,7
143.58610403724015,2179.688543896191,7
135.80897799693048,2186.2998580327258,7
130.2203859668225,2185.8323850901797,7
135.6229450320825,2181.7465170752257,7
131.41670997720212,2189.628602936864,7
131.7174780415371,2189.5434360485524,7
136.6602280177176,2188.966425950639,7
136.51946000754833,2185.6037119869143,7
130.8150279801339,2181.797859026119,6
136.82541204616427,2181.905732024461,6
134.32918197941035,2185.9507989138365,6
138.14549695234746,2180.5736479582265,6
135.54052903782576,2189.258585101925,6
136.68667699676007,2183.230518945493,6
138.35250493139029,2186.6508499952033,6
136.34899503085762,2186.679953010753,6
133.781659998931,2186.6718580713496,6
130.63409901224077,2190.2570190140978,6
136.6484360769391,2189.6145850187168,7
139.35412396676838,2191.3762380136177,7
137.87192793097347,2198.5799870453775,7
132.17101502232254,2197.370831039734,7
131.48997293319553,2199.7877499088645,7
135.3510890621692,2198.7248989753425,7
144.26285796798766,2195.0377370230854,7
139.7727970033884,2196.913294028491,7
138.92641093116254,2198.902594973333,7
136.1048499820754,2198.698322987184,7
139.84018901828676,2187.161201960407,6
132.9760729568079,2193.3144660433754,6
132.15512689203024,2198.3056489843875,6
129.44502290338278,2197.6046069758013,6
131.72503001987934,2198.721730033867,6
141.53025799896568,2194.469958078116,6
136.32193894591182,2198.4692979604006,6
135.80225792247802,2194.869926897809,6
134.39870194997638,2196.91054103896,6
133.4357700543478,2199.5371719822288,6
141.2951210513711,2190.1784560177475,7
138.8806028990075,2192.949632066302,7
138.4988259524107,2193.2309929979965,7
134.0886850375682,2196.302153985016,7
129.84414503443986,2198.040719027631,7
128.9407660951838,2202.3413389688358,7
134.05751704704016,2194.452516036108,7
131.72000704798847,2202.721180045046,7
131.30592496600002,2201.14920695778,7
132.64701701700687,2199.270914075896,7
143.89421709347516,2185.7675469946116,6
134.8569430410862,2191.1010020412505,6
141.7892500758171,2188.9822599478066,6
142.2684519784525,2188.3840980008245,6
134.92607895750552,2194.2788349697366,6
139.29725904017687,2196.7404580209404,6
137.20168604049832,2194.454164011404,6
137.27885391563177,2195.607030997053,6
141.47048199083656,2192.9074550280347,6
136.45296404138207,2195.488517987542,6
133.26632999815047,2182.793536921963,7
135.126848006621,2186.7029879940674,7
131.96229410823435,2187.528926995583,7
135.02020703162998,2191.942972014658,7
135.74694597627968,2187.491949996911,7
138.29941698350012,2186.561467940919,7
130.41264202911407,2192.5302530871704,7
129.3976950692013,2194.9468679958954,7
135.98374591674656,2193.0417909752578,7
135.05128002725542,2195.6884700339288,7
126.5403269790113,2195.448004058562,6
129.76724794134498,2194.8813470080495,6
133.98361206054688,2194.2495689727366,6
141.97973103728145,2190.8811909379438,6
136.43234001938254,2193.2815980399027,6
135.84041793365031,2200.3221299964935,6
136.6831389022991,2196.8584400601685,6
140.47559897881,2194.354897015728,6
136.07149093877524,2198.1838039355353,6
130.0243369769305,2201.9931270042434,6
131.41069293487817,2191.9882969232276,7
133.7322510080412,2188.338430947624,7
133.5336749907583,2193.6883500311524,7
136.72905997373164,2187.0001550996676,7
138.13458406366408,2189.6042419830337,7
138.57960898894817,2193.0909079965204,7
142.13934703730047,2190.6735899392515,7
143.38029397185892,2191.387895029038,7
133.025161921978,2196.3805810082704,7
133.13327310606837,2197.633032919839,7
128.65770899225026,2190.999318030663,6
128.2350670080632,2197.0187430270016,6
130.29003399424255,2191.513222991489,6
139.25973896402866,2191.876344033517,6
131.66552607435733,2194.7800640482455,6
130.02008094917983,2199.0645410260186,6
129.7428481047973,2197.645560023375,6
128.2594840740785,2200.056910980493,6
133.05567298084497,2200.3257599426433,6
132.22824805416167,2197.026262059808,6
136.55561895575374,2194.031980005093,7
140.68822306580842,2194.1703649936244,7
135.07046201266348,2197.2066450398415,7
134.9927029805258,2200.2973259659484,7
140.28622198384255,2194.9934388976544,7
136.25259406398982,2203.139573917724,7
134.74999798927456,2200.03078202717,7
133.62535508349538,2200.5423350492492,7
137.4876699410379,2196.942229056731,7
134.92459093686193,2202.2001950535923,7
133.65177100058645,2180.5136039620265,6
138.50823300890625,2179.5278729405254,6
125.71421300526708,2186.5140529116616,6
134.88550204783678,2181.8227280164137,6
128.95126198418438,2187.131269951351,6
134.00685996748507,2188.5130510199815,6
134.04540403280407,2187.8203130327165,6
131.90861407201737,2188.4811469353735,6
132.08578305784613,2186.845670104958,6
138.99735396262258,2187.4912559287623,6
128.50777199491858,2184.4390080077574,7
131.03152299299836,2184.75747294724,7
131.63817999884486,2184.735088958405,7
135.57476794812828,2181.9345210678875,7
138.68452096357942,2183.3221400156617,7
139.76580393500626,2181.3532389933243,7
133.82156298030168,2182.65740305651,7
136.6118269506842,2185.451939003542,7
132.0789660094306,2187.459575943649,7
139.55754693597555,2181.74509704113,7
