workload,trial,wall_clock_latency_ms
A_factual_qa,0,77.60150099056773
A_factual_qa,1,136.656917995424
A_factual_qa,2,136.19987698621117
A_factual_qa,3,137.3098969925195
A_factual_qa,4,138.11041100416332
A_factual_qa,5,137.39439299388323
A_factual_qa,6,137.4648249911843
A_factual_qa,7,138.9946219860576
A_factual_qa,8,138.7348450080026
A_factual_qa,9,135.12502699450124
A_factual_qa,10,136.68453600257635
A_factual_qa,11,139.1599979979219
A_factual_qa,12,136.47616701200604
A_factual_qa,13,140.1504829991609
A_factual_qa,14,135.502549004741
A_factual_qa,15,137.37048998882528
A_factual_qa,16,139.6032320044469
A_factual_qa,17,135.39107599353883
A_factual_qa,18,137.15349799895193
A_factual_qa,19,141.0113339952659
A_factual_qa,20,135.99335099570453
A_factual_qa,21,139.79005000146572
A_factual_qa,22,135.24648499151226
A_factual_qa,23,138.64281499991193
A_factual_qa,24,140.7921170030022
A_factual_qa,25,136.11090299673378
A_factual_qa,26,138.90246399387252
A_factual_qa,27,138.8369119958952
A_factual_qa,28,135.74245599738788
A_factual_qa,29,137.18069999595173
A_factual_qa,30,137.6558850024594
A_factual_qa,31,139.7325950092636
A_factual_qa,32,135.4544539935887
A_factual_qa,33,136.6928109928267
A_factual_qa,34,137.98899100220297
A_factual_qa,35,136.75041099486407
A_factual_qa,36,138.71854500030167
A_factual_qa,37,138.4043200087035
A_factual_qa,38,136.87684400065336
A_factual_qa,39,136.74012399860658
A_factual_qa,40,137.6621579984203
A_factual_qa,41,138.28569700126536
A_factual_qa,42,139.19416301359888
A_factual_qa,43,135.3025999997044
A_factual_qa,44,137.85791899135802
A_factual_qa,45,138.1628009985434
A_factual_qa,46,138.83044999965932
A_factual_qa,47,139.16190699092112
A_factual_qa,48,135.87196200387552
A_factual_qa,49,136.76527701318264
A_factual_qa,50,138.24312199722044
A_factual_qa,51,140.92496898956597
A_factual_qa,52,134.88528699963354
A_factual_qa,53,137.10529399395455
A_factual_qa,54,137.61796800827142
A_factual_qa,55,136.95225400442723
A_factual_qa,56,137.44641600351315
A_factual_qa,57,137.54752099339385
A_factual_qa,58,138.24347400804982
A_factual_qa,59,136.44134099013172
A_factual_qa,60,137.80587300425395
A_factual_qa,61,140.57360900915228
A_factual_qa,62,135.111320996657
A_factual_qa,63,137.41520101029892
A_factual_qa,64,136.68372698884923
A_factual_qa,65,139.1562140051974
A_factual_qa,66,135.60807600151747
A_factual_qa,67,138.84488500480074
A_factual_qa,68,134.92013700306416
A_factual_qa,69,136.06169300328474
A_factual_qa,70,137.115792997065
A_factual_qa,71,138.278996993904
A_factual_qa,72,137.85726700734813
A_factual_qa,73,140.13789700402413
A_factual_qa,74,136.1515180033166
A_factual_qa,75,137.26089800184127
A_factual_qa,76,137.59326600120403
A_factual_qa,77,138.22286800132133
A_factual_qa,78,138.23507699999027
A_factual_qa,79,137.19888299237937
A_factual_qa,80,136.8811689899303
A_factual_qa,81,137.97650100605097
A_factual_qa,82,137.04924999910872
A_factual_qa,83,138.98090399743523
A_factual_qa,84,136.65502500953153
A_factual_qa,85,138.02912599931005
A_factual_qa,86,140.73682999878656
A_factual_qa,87,137.1758910099743
A_factual_qa,88,138.518407009542
A_factual_qa,89,137.4216350086499
A_factual_qa,90,136.9002260034904
A_factual_qa,91,145.37337199726608
A_factual_qa,92,129.88175799546298
A_factual_qa,93,137.37806800054386
A_factual_qa,94,137.3587080015568
A_factual_qa,95,137.58117299585138
A_factual_qa,96,140.32041300379205
A_factual_qa,97,136.5116980014136
A_factual_qa,98,139.08205801271833
A_factual_qa,99,137.1202930022264
B_code_assistant,0_0,139.86537299933843
B_code_assistant,0_1,137.03184499172494
B_code_assistant,0_2,144.35280999168754
B_code_assistant,0_3,144.76077898871154
B_code_assistant,0_4,147.35693100374192
B_code_assistant,0_5,148.48600600089412
B_code_assistant,0_6,145.3137579956092
B_code_assistant,0_7,146.31984099105466
B_code_assistant,0_8,148.81029599928297
B_code_assistant,0_9,149.82785198662896
B_code_assistant,1_0,141.04708899685647
B_code_assistant,1_1,137.835208006436
B_code_assistant,1_2,143.7638329953188
B_code_assistant,1_3,145.0529900030233
B_code_assistant,1_4,147.99053499882575
B_code_assistant,1_5,148.27931999752764
B_code_assistant,1_6,145.595775989932
B_code_assistant,1_7,150.40393399249297
B_code_assistant,1_8,150.14852600870654
B_code_assistant,1_9,153.5334480140591
B_code_assistant,2_0,141.33240398950875
B_code_assistant,2_1,137.28739999351092
B_code_assistant,2_2,145.69948900316376
B_code_assistant,2_3,148.00218401069287
B_code_assistant,2_4,146.2947869877098
B_code_assistant,2_5,147.96407100220677
B_code_assistant,2_6,146.003906003898
B_code_assistant,2_7,147.6430960028665
B_code_assistant,2_8,148.17360999586526
B_code_assistant,2_9,148.4642180002993
B_code_assistant,3_0,139.3830229935702
B_code_assistant,3_1,137.57073000306264
B_code_assistant,3_2,146.21392400295008
B_code_assistant,3_3,147.4217359937029
B_code_assistant,3_4,147.27786400180776
B_code_assistant,3_5,149.56425499985926
B_code_assistant,3_6,149.0516609919723
B_code_assistant,3_7,149.1221729957033
B_code_assistant,3_8,144.92796901322436
B_code_assistant,3_9,150.97744300146587
B_code_assistant,4_0,137.58324399532285
B_code_assistant,4_1,140.89459800743498
B_code_assistant,4_2,144.54220900370274
B_code_assistant,4_3,143.95985500595998
B_code_assistant,4_4,148.0712750053499
B_code_assistant,4_5,148.23607599828392
B_code_assistant,4_6,147.23124100419227
B_code_assistant,4_7,145.96280601108447
B_code_assistant,4_8,148.60996599600185
B_code_assistant,4_9,148.97142299741972
B_code_assistant,5_0,137.21857199561782
B_code_assistant,5_1,137.99207800184377
B_code_assistant,5_2,143.5357589944033
B_code_assistant,5_3,144.7183860000223
B_code_assistant,5_4,150.84483799000736
B_code_assistant,5_5,149.4725130032748
B_code_assistant,5_6,148.6736150109209
B_code_assistant,5_7,145.3917009930592
B_code_assistant,5_8,149.07447999576107
B_code_assistant,5_9,152.0812890084926
B_code_assistant,6_0,136.89023499318864
B_code_assistant,6_1,138.91176298784558
B_code_assistant,6_2,145.51688700157683
B_code_assistant,6_3,143.6376170022413
B_code_assistant,6_4,148.30396699835546
B_code_assistant,6_5,147.87057400099002
B_code_assistant,6_6,149.8266910057282
B_code_assistant,6_7,150.08168399799615
B_code_assistant,6_8,145.66031099820975
B_code_assistant,6_9,146.4084740000544
B_code_assistant,7_0,138.27361799485516
B_code_assistant,7_1,138.19982499990147
B_code_assistant,7_2,146.24751299561467
B_code_assistant,7_3,144.7203569987323
B_code_assistant,7_4,153.1805590057047
B_code_assistant,7_5,150.4653669981053
B_code_assistant,7_6,149.20777900260873
B_code_assistant,7_7,149.46646899625193
B_code_assistant,7_8,146.86521199473646
B_code_assistant,7_9,148.62011300283484
B_code_assistant,8_0,138.4991710074246
B_code_assistant,8_1,139.63712700933684
B_code_assistant,8_2,144.5918149984209
B_code_assistant,8_3,145.18040799885057
B_code_assistant,8_4,150.77384900359903
B_code_assistant,8_5,148.40121800079942
B_code_assistant,8_6,146.20577199093532
B_code_assistant,8_7,150.58653699816205
B_code_assistant,8_8,146.10406001156662
B_code_assistant,8_9,150.2295120008057
B_code_assistant,9_0,138.34398800099734
B_code_assistant,9_1,138.11033900128677
B_code_assistant,9_2,145.92663598887157
B_code_assistant,9_3,147.36513599928003
B_code_assistant,9_4,146.9206219917396
B_code_assistant,9_5,148.21446700079832
B_code_assistant,9_6,149.83740000752732
B_code_assistant,9_7,145.7724119973136
B_code_assistant,9_8,148.59034000255633
B_code_assistant,9_9,148.30521900148597
C_doc_summary,0,162.39425400272012
C_doc_summary,1,164.69176499231253
C_doc_summary,2,169.133524002973
C_doc_summary,3,162.6441449916456
C_doc_summary,4,163.91902801115066
C_doc_summary,5,164.37053300614934
C_doc_summary,6,165.10296700289473
C_doc_summary,7,162.80043301230762
C_doc_summary,8,167.42361600336153
C_doc_summary,9,162.23798399732914
C_doc_summary,10,164.3130949960323
C_doc_summary,11,173.52432299230713
C_doc_summary,12,156.92520000447985
C_doc_summary,13,165.27543400297873
C_doc_summary,14,170.0784420099808
C_doc_summary,15,162.0192330010468
C_doc_summary,16,166.30055800487753
C_doc_summary,17,166.30330999032594
C_doc_summary,18,167.17043198877946
C_doc_summary,19,164.71532100695185
C_doc_summary,20,167.29699399729725
C_doc_summary,21,163.5456389922183
C_doc_summary,22,166.2559669930488
C_doc_summary,23,164.41725700860843
C_doc_summary,24,164.50671300117392
C_doc_summary,25,167.3015859996667
C_doc_summary,26,165.35982099594548
C_doc_summary,27,166.24375998799223
C_doc_summary,28,164.93481199722737
C_doc_summary,29,167.87494900927413
C_doc_summary,30,163.9051600068342
C_doc_summary,31,167.63672399974894
C_doc_summary,32,168.28122299921233
C_doc_summary,33,163.21887100639287
C_doc_summary,34,163.4173040074529
C_doc_summary,35,165.49582200241275
C_doc_summary,36,164.5040750008775
C_doc_summary,37,165.41300699464045
C_doc_summary,38,168.04605499783065
C_doc_summary,39,164.5720770029584
C_doc_summary,40,169.67381999711506
C_doc_summary,41,164.34148399275728
C_doc_summary,42,166.90502800338436
C_doc_summary,43,165.07662300136872
C_doc_summary,44,166.60680399218109
C_doc_summary,45,166.74635700474028
C_doc_summary,46,167.02811799768824
C_doc_summary,47,174.04697100573685
C_doc_summary,48,160.2522090106504
C_doc_summary,49,164.0156119974563
D_shared_cache_reuse,0,145.97414899617434
D_shared_cache_reuse,1,146.69666400004644
D_shared_cache_reuse,2,145.74486800120212
D_shared_cache_reuse,3,147.15812100621406
D_shared_cache_reuse,4,144.0344790025847
D_shared_cache_reuse,5,144.26718399045058
D_shared_cache_reuse,6,147.8528909938177
D_shared_cache_reuse,7,143.46282999031246
D_shared_cache_reuse,8,144.53702500031795
D_shared_cache_reuse,9,144.92056200106163
D_shared_cache_reuse,10,146.30194300843868
D_shared_cache_reuse,11,144.7932829905767
D_shared_cache_reuse,12,145.49706000252627
D_shared_cache_reuse,13,144.44944099523127
D_shared_cache_reuse,14,145.91626198671293
D_shared_cache_reuse,15,148.07606099930126
D_shared_cache_reuse,16,143.72527999512386
D_shared_cache_reuse,17,146.84641000349075
D_shared_cache_reuse,18,144.80261100106873
D_shared_cache_reuse,19,146.84967399807647
D_shared_cache_reuse,20,144.20798599894624
D_shared_cache_reuse,21,146.63762599229813
D_shared_cache_reuse,22,145.9585519914981
D_shared_cache_reuse,23,146.53447300952394
D_shared_cache_reuse,24,148.91300999443047
D_shared_cache_reuse,25,144.85547599906567
D_shared_cache_reuse,26,145.87914299045224
D_shared_cache_reuse,27,146.26413700170815
D_shared_cache_reuse,28,145.21687099477276
D_shared_cache_reuse,29,145.49516000261065
D_shared_cache_reuse,30,145.22067899815738
D_shared_cache_reuse,31,145.297159004258
D_shared_cache_reuse,32,145.99599300709087
D_shared_cache_reuse,33,145.74472900130786
D_shared_cache_reuse,34,145.8846169989556
D_shared_cache_reuse,35,147.10665399616119
D_shared_cache_reuse,36,143.71947500330862
D_shared_cache_reuse,37,148.83694700256456
D_shared_cache_reuse,38,144.4539569929475
D_shared_cache_reuse,39,145.30754399311263
D_shared_cache_reuse,40,145.39328799583018
D_shared_cache_reuse,41,146.72630099812523
D_shared_cache_reuse,42,144.6771580085624
D_shared_cache_reuse,43,145.144808004261
D_shared_cache_reuse,44,147.89539299090393
D_shared_cache_reuse,45,143.738900005701
D_shared_cache_reuse,46,145.93938700272702
D_shared_cache_reuse,47,147.40224000706803
D_shared_cache_reuse,48,142.7194249990862
D_shared_cache_reuse,49,148.70803599478677
