match_frac,trial,latency_ms
0.0,0,1113.3641509804875
0.0,1,945.7297679036856
0.0,2,895.0792169198394
0.0,3,898.5250010155141
0.0,4,904.3973931111395
0.0,5,887.2446049936116
0.0,6,872.6252738852054
0.0,7,887.9468329250813
0.0,8,864.5033319480717
0.0,9,883.1514888443053
0.0,10,879.9779808614403
0.0,11,876.1705139186233
0.0,12,889.2668280750513
0.0,13,877.7320620138198
0.0,14,890.9798800013959
0.0,15,872.0223112031817
0.0,16,855.480887927115
0.0,17,869.7334639728069
0.0,18,863.5620789136738
0.0,19,864.4491881132126
0.0,20,878.1883388292044
0.0,21,895.4697190783918
0.0,22,870.4960150644183
0.0,23,875.1618219539523
0.0,24,863.7057130690664
0.0,25,863.880786113441
0.0,26,862.0225170161575
0.0,27,847.3368349950761
0.0,28,858.0453868489712
0.0,29,874.655419960618
0.0,30,861.4814260508865
0.0,31,865.8989130053669
0.0,32,876.8841559067369
0.0,33,859.2460518702865
0.0,34,870.5875370651484
0.0,35,887.8656069282442
0.0,36,885.9861860983074
0.0,37,897.4816249683499
0.0,38,888.307929970324
0.0,39,852.6476889383048
0.0,40,864.014389924705
0.0,41,888.4561560116708
0.0,42,877.4830740876496
0.0,43,907.2134359739721
0.0,44,861.7969669867307
0.0,45,892.2734470106661
0.0,46,882.9973360989243
0.0,47,857.9963671509176
0.0,48,864.737228024751
0.0,49,853.5954728722572
0.0,50,870.9695739671588
0.0,51,869.4231000263244
0.0,52,875.3652370069176
0.0,53,893.2179659605026
0.0,54,882.1024510543793
0.0,55,873.3882319647819
0.0,56,879.7838280443102
0.0,57,880.771545926109
0.0,58,873.4122968744487
0.0,59,867.919459939003
0.0,60,887.3750159982592
0.0,61,870.0550431385636
0.0,62,893.4546730015427
0.0,63,887.5749381259084
0.0,64,869.9220030102879
0.0,65,888.8069940730929
0.0,66,874.130479991436
0.0,67,892.463596072048
0.0,68,856.9023299496621
0.0,69,866.4808759931475
0.0,70,892.1068420168012
0.0,71,870.9784420207143
0.0,72,858.5346140898764
0.0,73,878.4377099946141
0.0,74,903.8972740527242
0.0,75,862.9598449915648
0.0,76,883.8224669452757
0.0,77,881.623380118981
0.0,78,860.6886139605194
0.0,79,864.0407170169055
0.0,80,850.9577480144799
0.0,81,879.0885789785534
0.0,82,858.5168719291687
0.0,83,858.6142810527235
0.0,84,891.3347590714693
0.0,85,891.0062131471932
0.0,86,906.5833589993417
0.0,87,876.8042768351734
0.0,88,882.054328918457
0.0,89,886.5902801044285
0.0,90,872.2922299057245
0.0,91,889.4685241393745
0.0,92,892.3339198809117
0.0,93,877.5569389108568
0.0,94,885.2131508756429
0.0,95,899.2132309358567
0.0,96,854.9707857891917
0.0,97,855.4045171476901
0.0,98,892.9816849995404
0.0,99,858.2672569900751
0.25,0,655.400981893763
0.25,1,655.8552419301122
0.25,2,643.748759990558
0.25,3,654.1477099526674
0.25,4,648.7547771539539
0.25,5,658.6097241379321
0.25,6,640.8284839708358
0.25,7,650.5438617896289
0.25,8,644.1977059002966
0.25,9,639.9608300998807
0.25,10,650.9702170733362
0.25,11,672.1655139699578
0.25,12,643.7581682112068
0.25,13,653.7634038832039
0.25,14,653.9245420135558
0.25,15,653.1611599493772
0.25,16,668.5167050454766
0.25,17,656.726161018014
0.25,18,661.4013600628823
0.25,19,626.7531889025122
0.25,20,661.0268459189683
0.25,21,655.8083479758352
0.25,22,641.1161189898849
0.25,23,653.0416880268604
0.25,24,643.819689983502
0.25,25,641.6964589152485
0.25,26,652.3122270591557
0.25,27,653.6098690703511
0.25,28,648.3286169823259
0.25,29,652.9527930542827
0.25,30,662.0303101371974
0.25,31,663.9808509498835
0.25,32,647.0349770970643
0.25,33,658.1927328370512
0.25,34,653.2806830946356
0.25,35,644.5452799089253
0.25,36,648.0999919585884
0.25,37,658.7688329163939
0.25,38,655.5443629622459
0.25,39,669.0131418872625
0.25,40,644.2613259423524
0.25,41,657.0197979453951
0.25,42,659.7193519119173
0.25,43,656.5886421594769
0.25,44,640.7457978930324
0.25,45,663.8748678378761
0.25,46,659.7994491457939
0.25,47,643.1380398571491
0.25,48,661.4918119739741
0.25,49,649.9122460372746
0.25,50,665.0159009732306
0.25,51,643.9742050133646
0.25,52,658.6154408287257
0.25,53,653.7549768108875
0.25,54,642.878133803606
0.25,55,651.7025141511112
0.25,56,651.2756641022861
0.25,57,638.7471309863031
0.25,58,654.5074770692736
0.25,59,655.4897078312933
0.25,60,641.8129750527442
0.25,61,674.451069906354
0.25,62,669.4169228430837
0.25,63,642.7978458814323
0.25,64,643.7552289571613
0.25,65,660.4719820898026
0.25,66,661.0612028744072
0.25,67,651.8949170131236
0.25,68,653.5338880494237
0.25,69,651.5429147984833
0.25,70,667.0246361754835
0.25,71,657.7261569909751
0.25,72,644.1199998371303
0.25,73,644.5729308761656
0.25,74,639.8366750217974
0.25,75,652.2656709421426
0.25,76,644.6591881103814
0.25,77,648.52803084068
0.25,78,651.3137288857251
0.25,79,655.358589021489
0.25,80,640.5608570203185
0.25,81,652.9797408729792
0.25,82,641.7693928815424
0.25,83,640.0702300015837
0.25,84,664.6656929515302
0.25,85,658.850725973025
0.25,86,645.165320020169
0.25,87,649.2977479938418
0.25,88,642.6499751396477
0.25,89,642.9621218703687
0.25,90,654.2290791403502
0.25,91,646.837139967829
0.25,92,660.92867590487
0.25,93,654.1224380489439
0.25,94,665.9277980215847
0.25,95,658.3447710145265
0.25,96,646.741091972217
0.25,97,655.0735798664391
0.25,98,657.8627519775182
0.25,99,650.5344940815121
0.5,0,441.11009198240936
0.5,1,432.34329600818455
0.5,2,432.81976296566427
0.5,3,431.60765897482634
0.5,4,435.2001640945673
0.5,5,450.57690888643265
0.5,6,435.19643507897854
0.5,7,432.660642080009
0.5,8,442.32926797121763
0.5,9,451.2671378906816
0.5,10,442.8346799686551
0.5,11,438.6345718521625
0.5,12,429.70577417872846
0.5,13,451.04660792276263
0.5,14,437.3160661198199
0.5,15,439.8478118237108
0.5,16,435.83565717563033
0.5,17,432.9893169924617
0.5,18,428.5077501554042
0.5,19,451.11800101585686
0.5,20,436.9696320500225
0.5,21,441.19057315401733
0.5,22,435.5055110063404
0.5,23,435.7030629180372
0.5,24,447.18685490079224
0.5,25,431.1936099547893
0.5,26,433.61226515844464
0.5,27,441.60171202383935
0.5,28,437.79394193552434
0.5,29,439.13068785332143
0.5,30,441.2734860088676
0.5,31,438.1940730381757
0.5,32,438.46724298782647
0.5,33,441.64651189930737
0.5,34,448.9028020761907
0.5,35,432.54232313483953
0.5,36,442.22197285853326
0.5,37,434.5699520781636
0.5,38,441.443471936509
0.5,39,417.88766300305724
0.5,40,432.1858398616314
0.5,41,431.85313418507576
0.5,42,441.8523709755391
0.5,43,441.5656968485564
0.5,44,414.47098390199244
0.5,45,442.8853690624237
0.5,46,432.0844479370862
0.5,47,432.6921480242163
0.5,48,445.47039503231645
0.5,49,446.80509297177196
0.5,50,444.5222450885922
0.5,51,449.70451993867755
0.5,52,441.2734869401902
0.5,53,449.12424497306347
0.5,54,436.4347660448402
0.5,55,431.2057700008154
0.5,56,436.2503648735583
0.5,57,432.3494751006365
0.5,58,436.6507201921195
0.5,59,434.7880349960178
0.5,60,431.3051791395992
0.5,61,446.7500520404428
0.5,62,433.27549705281854
0.5,63,439.6378439851105
0.5,64,436.11292401328683
0.5,65,429.89904107525945
0.5,66,428.260391112417
0.5,67,438.16936993971467
0.5,68,433.2372408825904
0.5,69,429.22297306358814
0.5,70,428.823514143005
0.5,71,434.7873160149902
0.5,72,445.3630039934069
0.5,73,431.6846220754087
0.5,74,430.568038020283
0.5,75,436.5697600878775
0.5,76,446.7290290631354
0.5,77,446.0498560220003
0.5,78,438.1966828368604
0.5,79,435.2994149085134
0.5,80,438.95764788612723
0.5,81,428.3554640132934
0.5,82,449.846682138741
0.5,83,435.5094810016453
0.5,84,442.16086994856596
0.5,85,436.411407077685
0.5,86,454.59247496910393
0.5,87,441.7759720236063
0.5,88,435.67788205109537
0.5,89,434.913877164945
0.5,90,429.8853629734367
0.5,91,438.3775321766734
0.5,92,437.49472708441317
0.5,93,442.0348529238254
0.5,94,457.4581580236554
0.5,95,436.5751529112458
0.5,96,452.26594782434404
0.5,97,448.36803199723363
0.5,98,433.9055500458926
0.5,99,434.47421002201736
0.75,0,261.2028841394931
0.75,1,225.27406411245465
0.75,2,236.3346191123128
0.75,3,237.9514630883932
0.75,4,224.62901892140508
0.75,5,225.49177682958543
0.75,6,229.4911490753293
0.75,7,230.33566703088582
0.75,8,228.3219408709556
0.75,9,231.99006193317473
0.75,10,230.5643882136792
0.75,11,233.72719413600862
0.75,12,228.2256840262562
0.75,13,235.30474002473056
0.75,14,225.8275079075247
0.75,15,226.98553185909986
0.75,16,226.23242298141122
0.75,17,225.41608102619648
0.75,18,229.68567814677954
0.75,19,224.70810799859464
0.75,20,238.85791702196002
0.75,21,231.7111159209162
0.75,22,224.808300845325
0.75,23,228.6648720037192
0.75,24,224.15743209421635
0.75,25,229.80747208930552
0.75,26,231.52868309989572
0.75,27,229.75003090687096
0.75,28,229.1205539368093
0.75,29,236.8730080779642
0.75,30,225.29700794257224
0.75,31,228.76890399493277
0.75,32,222.65785420313478
0.75,33,230.91088701039553
0.75,34,219.8943628463894
0.75,35,229.21405895613134
0.75,36,229.55897310748696
0.75,37,229.60876487195492
0.75,38,241.45915010012686
0.75,39,234.1103961225599
0.75,40,228.960569947958
0.75,41,238.31608914770186
0.75,42,224.61943607777357
0.75,43,232.4011519085616
0.75,44,227.9186579398811
0.75,45,223.8337032031268
0.75,46,227.99161914736032
0.75,47,229.87977578304708
0.75,48,226.8762830644846
0.75,49,230.45469191856682
0.75,50,226.90410818904638
0.75,51,230.19849811680615
0.75,52,224.87782198004425
0.75,53,232.1076630614698
0.75,54,223.85755903087556
0.75,55,227.93979500420392
0.75,56,234.69699290581048
0.75,57,224.2157848086208
0.75,58,231.57558008097112
0.75,59,228.6568870767951
0.75,60,222.00044197961688
0.75,61,229.3451800942421
0.75,62,228.27686904929578
0.75,63,229.87751895561814
0.75,64,231.26738495193422
0.75,65,225.61669093556702
0.75,66,233.46372111700475
0.75,67,231.70892405323684
0.75,68,227.90107387118042
0.75,69,229.38294103369117
0.75,70,226.68189788237214
0.75,71,225.080078933388
0.75,72,226.04834102094173
0.75,73,226.0249969549477
0.75,74,228.17173204384744
0.75,75,243.35125996731222
0.75,76,228.38002210482955
0.75,77,223.8283429760486
0.75,78,222.8714080993086
0.75,79,227.62403287924826
0.75,80,229.54010986723006
0.75,81,223.06006611324847
0.75,82,234.23446202650666
0.75,83,226.72132216393948
0.75,84,236.68137402273715
0.75,85,225.8285009302199
0.75,86,224.45879504084587
0.75,87,223.41181198135018
0.75,88,230.6835420895368
0.75,89,223.12254598364234
0.75,90,233.59122592955828
0.75,91,230.96029600128531
0.75,92,224.6507320087403
0.75,93,236.35786888189614
0.75,94,224.15298502892256
0.75,95,231.26218584366143
0.75,96,231.58853990025818
0.75,97,228.764713043347
0.75,98,229.6499831136316
0.75,99,225.3593928180635
1.0,0,110.34729704260826
1.0,1,77.99158804118633
1.0,2,78.83520890027285
1.0,3,78.00320396199822
1.0,4,76.92396501079202
1.0,5,78.82229704409838
1.0,6,77.80753797851503
1.0,7,80.34701202996075
1.0,8,78.40771903283894
1.0,9,77.270383015275
1.0,10,76.95618900470436
1.0,11,76.75869995728135
1.0,12,75.96920593641698
1.0,13,79.62049497291446
1.0,14,78.44184804707766
1.0,15,77.39468780346215
1.0,16,77.26307096891105
1.0,17,78.06194084696472
1.0,18,78.85807403363287
1.0,19,76.64162595756352
1.0,20,76.97897288016975
1.0,21,78.26901413500309
1.0,22,78.04149203002453
1.0,23,77.86040287464857
1.0,24,77.4798730853945
1.0,25,79.18780483305454
1.0,26,78.6806009709835
1.0,27,77.048429986462
1.0,28,77.10300595499575
1.0,29,78.56829604133964
1.0,30,78.41927092522383
1.0,31,76.73937105573714
1.0,32,76.7756118439138
1.0,33,78.43467895872891
1.0,34,80.87615203112364
1.0,35,83.71572406031191
1.0,36,77.6971539016813
1.0,37,76.97895704768598
1.0,38,76.46933803334832
1.0,39,78.15125305205584
1.0,40,76.9493889529258
1.0,41,77.28644786402583
1.0,42,78.647097107023
1.0,43,78.87079380452633
1.0,44,76.85713190585375
1.0,45,77.47793616726995
1.0,46,79.16271616704762
1.0,47,78.75976897776127
1.0,48,81.21439418755472
1.0,49,82.20625598914921
1.0,50,76.57397794537246
1.0,51,76.73445902764797
1.0,52,78.15021299757063
1.0,53,76.90990110859275
1.0,54,75.91315708123147
1.0,55,77.30887900106609
1.0,56,77.55782501772046
1.0,57,75.40723495185375
1.0,58,75.36589098162949
1.0,59,77.44008000008762
1.0,60,76.18127204477787
1.0,61,76.12999086268246
1.0,62,81.50441199541092
1.0,63,79.49817413464189
1.0,64,75.69958898238838
1.0,65,75.32190601341426
1.0,66,77.32767891138792
1.0,67,75.83944499492645
1.0,68,75.67438902333379
1.0,69,77.65512214973569
1.0,70,76.32850389927626
1.0,71,76.485482044518
1.0,72,77.20724702812731
1.0,73,76.5320269856602
1.0,74,74.18919401243329
1.0,75,76.49116218090057
1.0,76,73.68866284377873
1.0,77,73.96874506957829
1.0,78,76.15781505592167
1.0,79,74.62231698445976
1.0,80,76.06719108298421
1.0,81,75.54136286489666
1.0,82,74.62919712997973
1.0,83,76.73209090717137
1.0,84,74.54143697395921
1.0,85,74.14770592004061
1.0,86,76.55664999037981
1.0,87,74.56642901524901
1.0,88,74.42969200201333
1.0,89,75.71653299964964
1.0,90,80.68247116170824
1.0,91,78.08622904121876
1.0,92,78.09448498301208
1.0,93,77.97584403306246
1.0,94,77.37403200007975
1.0,95,76.27376797609031
1.0,96,78.53303197771311
1.0,97,79.89033707417548
1.0,98,77.4178400170058
1.0,99,77.57413014769554
