framework,position,cache_mode,trial,probe_candidate,wall_clock_latency,ground_truth_secret,condition
sglang,middle,shared,0,false,0.14895335100300144,false,correct
sglang,middle,shared,0,yes,0.1507396679953672,false,wrong
sglang,middle,shared,1,no,0.15253703999042045,no,correct
sglang,middle,shared,1,yes,0.15116978299920447,no,wrong
sglang,middle,shared,2,no,0.1536120880045928,no,correct
sglang,middle,shared,2,yes,0.15141071198740974,no,wrong
sglang,middle,shared,3,ok,0.14881975000025705,ok,correct
sglang,middle,shared,3,yes,0.15044332899560686,ok,wrong
sglang,middle,shared,4,yes,0.14858635599375702,yes,correct
sglang,middle,shared,4,ok,0.15363962399715092,yes,wrong
sglang,middle,shared,5,no,0.15063589099736419,no,correct
sglang,middle,shared,5,true,0.1502835999999661,no,wrong
sglang,middle,shared,6,no,0.1620383550034603,no,correct
sglang,middle,shared,6,true,0.14139496099960525,no,wrong
sglang,middle,shared,7,no,0.15135367099719588,no,correct
sglang,middle,shared,7,false,0.15131519100395963,no,wrong
sglang,middle,shared,8,true,0.15039307200640906,true,correct
sglang,middle,shared,8,yes,0.15336218199809082,true,wrong
sglang,middle,shared,9,true,0.14976605999981984,true,correct
sglang,middle,shared,9,yes,0.15143527199688833,true,wrong
sglang,middle,shared,10,false,0.1510305979900295,false,correct
sglang,middle,shared,10,no,0.15002602999447845,false,wrong
sglang,middle,shared,11,ok,0.15016830399690662,ok,correct
sglang,middle,shared,11,false,0.15344368599471636,ok,wrong
sglang,middle,shared,12,true,0.15031111999996938,true,correct
sglang,middle,shared,12,no,0.15019902400672436,true,wrong
sglang,middle,shared,13,false,0.14934903300309088,false,correct
sglang,middle,shared,13,no,0.1498203170049237,false,wrong
sglang,middle,shared,14,true,0.15059230600309093,true,correct
sglang,middle,shared,14,false,0.15430933999596164,true,wrong
sglang,middle,shared,15,yes,0.15003359700494912,yes,correct
sglang,middle,shared,15,false,0.15071757099940442,yes,wrong
sglang,middle,shared,16,ok,0.15060033799090888,ok,correct
sglang,middle,shared,16,no,0.15114762099983636,ok,wrong
sglang,middle,shared,17,no,0.14890415000263602,no,correct
sglang,middle,shared,17,true,0.15138197501073591,no,wrong
sglang,middle,shared,18,true,0.1535963110072771,true,correct
sglang,middle,shared,18,yes,0.15280857800098602,true,wrong
sglang,middle,shared,19,ok,0.15168448998883832,ok,correct
sglang,middle,shared,19,yes,0.15375248799682595,ok,wrong
sglang,middle,shared,20,true,0.15356275900558103,true,correct
sglang,middle,shared,20,yes,0.14984374000050593,true,wrong
sglang,middle,shared,21,ok,0.1536123589903582,ok,correct
sglang,middle,shared,21,true,0.150696002994664,ok,wrong
sglang,middle,shared,22,ok,0.15325066099467222,ok,correct
sglang,middle,shared,22,false,0.15023428700806107,ok,wrong
sglang,middle,shared,23,true,0.1535008380014915,true,correct
sglang,middle,shared,23,yes,0.1538422010053182,true,wrong
sglang,middle,shared,24,yes,0.15228663699235767,yes,correct
sglang,middle,shared,24,no,0.15051409699663054,yes,wrong
sglang,middle,shared,25,ok,0.15313513900036924,ok,correct
sglang,middle,shared,25,yes,0.14808768000511918,ok,wrong
sglang,middle,shared,26,true,0.14994038100121543,true,correct
sglang,middle,shared,26,no,0.1499963809910696,true,wrong
sglang,middle,shared,27,no,0.1504057929996634,no,correct
sglang,middle,shared,27,false,0.15041895999456756,no,wrong
sglang,middle,shared,28,ok,0.15126064600190148,ok,correct
sglang,middle,shared,28,yes,0.1492629200074589,ok,wrong
sglang,middle,shared,29,yes,0.15513862599618733,yes,correct
sglang,middle,shared,29,ok,0.14930735199595802,yes,wrong
