framework,prefix_len,cache_mode,trial,probe_candidate,wall_clock_latency,ground_truth_secret,condition
sglang,16,shared,0,true,0.14731107899569906,true,correct
sglang,16,shared,0,yes,0.1465450260002399,true,wrong
sglang,16,shared,1,no,0.14738644000317436,no,correct
sglang,16,shared,1,false,0.1468791720108129,no,wrong
sglang,16,shared,2,true,0.14658654599043075,true,correct
sglang,16,shared,2,no,0.14682393899420276,true,wrong
sglang,16,shared,3,true,0.14539540199621115,true,correct
sglang,16,shared,3,false,0.15003909800725523,true,wrong
sglang,16,shared,4,no,0.14984359200752806,no,correct
sglang,16,shared,4,ok,0.14994373799709138,no,wrong
sglang,16,shared,5,false,0.15018346699071117,false,correct
sglang,16,shared,5,yes,0.1472604379960103,false,wrong
sglang,16,shared,6,no,0.1474197679926874,no,correct
sglang,16,shared,6,yes,0.1478914189938223,no,wrong
sglang,16,shared,7,true,0.14566589999594726,true,correct
sglang,16,shared,7,yes,0.1485298560000956,true,wrong
sglang,16,shared,8,true,0.1470215890003601,true,correct
sglang,16,shared,8,yes,0.14537496901175473,true,wrong
sglang,16,shared,9,ok,0.1470928220078349,ok,correct
sglang,16,shared,9,false,0.14659980998840183,ok,wrong
sglang,16,shared,10,no,0.14868108900554944,no,correct
sglang,16,shared,10,yes,0.14714806899428368,no,wrong
sglang,16,shared,11,no,0.14766242500627413,no,correct
sglang,16,shared,11,true,0.14796858798945323,no,wrong
sglang,16,shared,12,true,0.14932430900807958,true,correct
sglang,16,shared,12,ok,0.1485795509943273,true,wrong
sglang,16,shared,13,false,0.14813841199793387,false,correct
sglang,16,shared,13,no,0.14760608899814542,false,wrong
sglang,16,shared,14,no,0.14913605200126767,no,correct
sglang,16,shared,14,ok,0.1474901039910037,no,wrong
sglang,16,shared,15,yes,0.14780103400698863,yes,correct
sglang,16,shared,15,true,0.1469925170094939,yes,wrong
sglang,16,shared,16,true,0.1468293479993008,true,correct
sglang,16,shared,16,ok,0.14810297200165223,true,wrong
sglang,16,shared,17,no,0.1474106310051866,no,correct
sglang,16,shared,17,true,0.14796265099721495,no,wrong
sglang,16,shared,18,no,0.14659830598975532,no,correct
sglang,16,shared,18,false,0.1492293960036477,no,wrong
sglang,16,shared,19,no,0.14754637599980924,no,correct
sglang,16,shared,19,ok,0.1473991590028163,no,wrong
sglang,16,shared,20,true,0.14778284198837355,true,correct
sglang,16,shared,20,yes,0.14681995499995537,true,wrong
sglang,16,shared,21,true,0.1481409400003031,true,correct
sglang,16,shared,21,false,0.1508082229993306,true,wrong
sglang,16,shared,22,false,0.14693048399931286,false,correct
sglang,16,shared,22,ok,0.14661480201175436,false,wrong
sglang,16,shared,23,false,0.15024140299647115,false,correct
sglang,16,shared,23,no,0.14817558000504505,false,wrong
sglang,16,shared,24,yes,0.14728347799973562,yes,correct
sglang,16,shared,24,no,0.147771832998842,yes,wrong
sglang,16,shared,25,yes,0.14603033299499657,yes,correct
sglang,16,shared,25,false,0.15064857399556786,yes,wrong
sglang,16,shared,26,yes,0.14686318699386902,yes,correct
sglang,16,shared,26,true,0.14970029500545934,yes,wrong
sglang,16,shared,27,no,0.1502872269920772,no,correct
sglang,16,shared,27,false,0.1459904609946534,no,wrong
sglang,16,shared,28,ok,0.14850708699668758,ok,correct
sglang,16,shared,28,yes,0.14623244700487703,ok,wrong
sglang,16,shared,29,yes,0.14697626000270247,yes,correct
sglang,16,shared,29,true,0.14654521700867917,yes,wrong
