run_id,cache_mode,model_id,framework_version,timestamp_utc,git_sha,script_name,source_csv
candidate_full_disabled,cache-disabled,deepseek-ai/DeepSeek-R1-Distill-Llama-8B,0.5.17,2026-09-16T06:47:36Z,68aa2213a752232a2753a55b4d185ea8f71b8028,experiments/sglang/run_candidate_recovery_full.py,results/sglang/kv2/candidate_full_disabled.csv
candidate_full_disabled_qwen,cache-disabled,Qwen/Qwen2.5-7B-Instruct,0.5.17,2026-09-17T01:05:08Z,68aa2213a752232a2753a55b4d185ea8f71b8028,experiments/sglang/run_candidate_recovery_full.py,results/sglang/kv2/candidate_full_disabled_qwen.csv
candidate_full_isolated,tenant-isolated,deepseek-ai/DeepSeek-R1-Distill-Llama-8B,0.5.17,2026-09-11T05:54:24Z,b9b3454af6cc50d2ee037849ab13bd26c292c67d,experiments/sglang/run_candidate_recovery_full.py,results/sglang/kv2/candidate_full_isolated.csv
candidate_full_shared,shared-cache,deepseek-ai/DeepSeek-R1-Distill-Llama-8B,0.5.17,2026-09-09T13:17:22Z,b9b3454af6cc50d2ee037849ab13bd26c292c67d,experiments/sglang/run_candidate_recovery_full.py,results/sglang/kv2/candidate_full_shared.csv
candidate_full_shared_qwen,shared-cache,Qwen/Qwen2.5-7B-Instruct,0.5.17,2026-09-16T18:41:00Z,68aa2213a752232a2753a55b4d185ea8f71b8028,experiments/sglang/run_candidate_recovery_full.py,results/sglang/kv2/candidate_full_shared_qwen.csv
candidate_pin_disabled,cache-disabled,deepseek-ai/DeepSeek-R1-Distill-Llama-8B,0.5.17,2026-09-16T06:49:40Z,68aa2213a752232a2753a55b4d185ea8f71b8028,experiments/sglang/run_candidate_recovery_pin.py,results/sglang/kv2/candidate_pin_disabled.csv
candidate_pin_disabled_qwen,cache-disabled,Qwen/Qwen2.5-7B-Instruct,0.5.17,2026-09-17T01:07:12Z,68aa2213a752232a2753a55b4d185ea8f71b8028,experiments/sglang/run_candidate_recovery_pin.py,results/sglang/kv2/candidate_pin_disabled_qwen.csv
candidate_pin_isolated,tenant-isolated,deepseek-ai/DeepSeek-R1-Distill-Llama-8B,0.5.17,2026-09-11T06:20:12Z,b9b3454af6cc50d2ee037849ab13bd26c292c67d,experiments/sglang/run_candidate_recovery_pin.py,results/sglang/kv2/candidate_pin_isolated.csv
candidate_pin_shared,shared-cache,deepseek-ai/DeepSeek-R1-Distill-Llama-8B,0.5.17,2026-09-09T13:19:29Z,b9b3454af6cc50d2ee037849ab13bd26c292c67d,experiments/sglang/run_candidate_recovery_pin.py,results/sglang/kv2/candidate_pin_shared.csv
candidate_pin_shared_qwen,shared-cache,Qwen/Qwen2.5-7B-Instruct,0.5.17,2026-09-16T18:43:04Z,68aa2213a752232a2753a55b4d185ea8f71b8028,experiments/sglang/run_candidate_recovery_pin.py,results/sglang/kv2/candidate_pin_shared_qwen.csv
candidate_prefix_disabled,cache-disabled,deepseek-ai/DeepSeek-R1-Distill-Llama-8B,0.5.17,2026-09-16T06:48:38Z,68aa2213a752232a2753a55b4d185ea8f71b8028,experiments/sglang/run_candidate_recovery_prefix.py,results/sglang/kv2/candidate_prefix_disabled.csv
candidate_prefix_disabled_qwen,cache-disabled,Qwen/Qwen2.5-7B-Instruct,0.5.17,2026-09-17T01:06:10Z,68aa2213a752232a2753a55b4d185ea8f71b8028,experiments/sglang/run_candidate_recovery_prefix.py,results/sglang/kv2/candidate_prefix_disabled_qwen.csv
candidate_prefix_isolated,tenant-isolated,deepseek-ai/DeepSeek-R1-Distill-Llama-8B,0.5.17,2026-09-11T06:10:14Z,b9b3454af6cc50d2ee037849ab13bd26c292c67d,experiments/sglang/run_candidate_recovery_prefix.py,results/sglang/kv2/candidate_prefix_isolated.csv
candidate_prefix_shared,shared-cache,deepseek-ai/DeepSeek-R1-Distill-Llama-8B,0.5.17,2026-09-09T13:18:26Z,b9b3454af6cc50d2ee037849ab13bd26c292c67d,experiments/sglang/run_candidate_recovery_prefix.py,results/sglang/kv2/candidate_prefix_shared.csv
candidate_prefix_shared_qwen,shared-cache,Qwen/Qwen2.5-7B-Instruct,0.5.17,2026-09-16T18:42:02Z,68aa2213a752232a2753a55b4d185ea8f71b8028,experiments/sglang/run_candidate_recovery_prefix.py,results/sglang/kv2/candidate_prefix_shared_qwen.csv
candidate_uuid_disabled,cache-disabled,deepseek-ai/DeepSeek-R1-Distill-Llama-8B,0.5.17,2026-09-16T06:50:42Z,68aa2213a752232a2753a55b4d185ea8f71b8028,experiments/sglang/run_candidate_recovery_uuid.py,results/sglang/kv2/candidate_uuid_disabled.csv
candidate_uuid_disabled_qwen,cache-disabled,Qwen/Qwen2.5-7B-Instruct,0.5.17,2026-09-17T01:08:14Z,68aa2213a752232a2753a55b4d185ea8f71b8028,experiments/sglang/run_candidate_recovery_uuid.py,results/sglang/kv2/candidate_uuid_disabled_qwen.csv
candidate_uuid_isolated,tenant-isolated,deepseek-ai/DeepSeek-R1-Distill-Llama-8B,0.5.17,2026-09-11T06:21:21Z,b9b3454af6cc50d2ee037849ab13bd26c292c67d,experiments/sglang/run_candidate_recovery_uuid.py,results/sglang/kv2/candidate_uuid_isolated.csv
candidate_uuid_shared,shared-cache,deepseek-ai/DeepSeek-R1-Distill-Llama-8B,0.5.17,2026-09-09T13:20:33Z,b9b3454af6cc50d2ee037849ab13bd26c292c67d,experiments/sglang/run_candidate_recovery_uuid.py,results/sglang/kv2/candidate_uuid_shared.csv
candidate_uuid_shared_qwen,shared-cache,Qwen/Qwen2.5-7B-Instruct,0.5.17,2026-09-16T18:44:06Z,68aa2213a752232a2753a55b4d185ea8f71b8028,experiments/sglang/run_candidate_recovery_uuid.py,results/sglang/kv2/candidate_uuid_shared_qwen.csv
cross_tenant_disabled,cache-disabled,deepseek-ai/DeepSeek-R1-Distill-Llama-8B,0.5.17,2026-09-16T05:54:49Z,68aa2213a752232a2753a55b4d185ea8f71b8028,experiments/sglang/run_cross_tenant.py,results/sglang/kv2/cross_tenant_disabled.csv
cross_tenant_disabled_gt,cache-disabled,deepseek-ai/DeepSeek-R1-Distill-Llama-8B,0.5.17,2026-09-16T05:54:49Z,68aa2213a752232a2753a55b4d185ea8f71b8028,experiments/sglang/run_cross_tenant.py,results/sglang/kv2/cross_tenant_disabled_gt.csv
cross_tenant_isolated,tenant-isolated,deepseek-ai/DeepSeek-R1-Distill-Llama-8B,0.5.17,2026-09-11T05:21:25Z,b9b3454af6cc50d2ee037849ab13bd26c292c67d,experiments/sglang/run_cross_tenant.py,results/sglang/kv2/cross_tenant_isolated.csv
cross_tenant_isolated_gt,tenant-isolated,deepseek-ai/DeepSeek-R1-Distill-Llama-8B,0.5.17,2026-09-11T05:21:25Z,b9b3454af6cc50d2ee037849ab13bd26c292c67d,experiments/sglang/run_cross_tenant.py,results/sglang/kv2/cross_tenant_isolated_gt.csv
cross_tenant_shared,shared-cache,deepseek-ai/DeepSeek-R1-Distill-Llama-8B,0.5.17,2026-09-09T07:26:16Z,b9b3454af6cc50d2ee037849ab13bd26c292c67d,experiments/sglang/run_cross_tenant.py,results/sglang/kv2/cross_tenant_shared.csv
cross_tenant_shared_gt,shared-cache,deepseek-ai/DeepSeek-R1-Distill-Llama-8B,0.5.17,2026-09-09T07:26:16Z,b9b3454af6cc50d2ee037849ab13bd26c292c67d,experiments/sglang/run_cross_tenant.py,results/sglang/kv2/cross_tenant_shared_gt.csv
level3_disabled_deepseek,cache-disabled,deepseek-ai/DeepSeek-R1-Distill-Llama-8B,0.5.17,2026-09-17T19:10:30Z,68aa2213a752232a2753a55b4d185ea8f71b8028,unknown,results/sglang/kv2/level3_disabled_deepseek.csv
level3_disabled_qwen,cache-disabled,Qwen/Qwen2.5-7B-Instruct,0.5.17,2026-09-18T14:36:01Z,68aa2213a752232a2753a55b4d185ea8f71b8028,unknown,results/sglang/kv2/level3_disabled_qwen.csv
level3_shared_deepseek,shared-cache,deepseek-ai/DeepSeek-R1-Distill-Llama-8B,0.5.17,2026-09-17T19:05:59Z,68aa2213a752232a2753a55b4d185ea8f71b8028,unknown,results/sglang/kv2/level3_shared_deepseek.csv
level3_shared_qwen,shared-cache,Qwen/Qwen2.5-7B-Instruct,0.5.17,2026-09-18T14:31:25Z,68aa2213a752232a2753a55b4d185ea8f71b8028,unknown,results/sglang/kv2/level3_shared_qwen.csv
level3_shared_qwen_v2,shared-cache,Qwen/Qwen2.5-7B-Instruct,0.5.17,2026-09-19T07:44:37Z,68aa2213a752232a2753a55b4d185ea8f71b8028,unknown,results/sglang/kv2/level3_shared_qwen_v2.csv
pilot_candidate_full,unknown,deepseek-ai/DeepSeek-R1-Distill-Llama-8B,0.5.17,2026-09-09T13:14:40Z,b9b3454af6cc50d2ee037849ab13bd26c292c67d,unknown,results/sglang/kv2/pilot_candidate_full.csv
pilot_candidate_pin,unknown,deepseek-ai/DeepSeek-R1-Distill-Llama-8B,0.5.17,2026-09-09T13:14:48Z,b9b3454af6cc50d2ee037849ab13bd26c292c67d,unknown,results/sglang/kv2/pilot_candidate_pin.csv
pilot_candidate_prefix,unknown,deepseek-ai/DeepSeek-R1-Distill-Llama-8B,0.5.17,2026-09-09T13:14:44Z,b9b3454af6cc50d2ee037849ab13bd26c292c67d,unknown,results/sglang/kv2/pilot_candidate_prefix.csv
pilot_candidate_recovery_full_disabled,cache-disabled,deepseek-ai/DeepSeek-R1-Distill-Llama-8B,0.5.17,2026-09-11T10:07:13Z,b9b3454af6cc50d2ee037849ab13bd26c292c67d,unknown,results/sglang/kv2/pilot_candidate_recovery_full_disabled.csv
pilot_candidate_recovery_pin_disabled,cache-disabled,deepseek-ai/DeepSeek-R1-Distill-Llama-8B,0.5.17,2026-09-11T10:04:06Z,b9b3454af6cc50d2ee037849ab13bd26c292c67d,unknown,results/sglang/kv2/pilot_candidate_recovery_pin_disabled.csv
pilot_candidate_recovery_prefix_disabled,cache-disabled,deepseek-ai/DeepSeek-R1-Distill-Llama-8B,0.5.17,2026-09-11T10:04:00Z,b9b3454af6cc50d2ee037849ab13bd26c292c67d,unknown,results/sglang/kv2/pilot_candidate_recovery_prefix_disabled.csv
pilot_candidate_recovery_uuid_disabled,cache-disabled,deepseek-ai/DeepSeek-R1-Distill-Llama-8B,0.5.17,2026-09-11T10:04:11Z,b9b3454af6cc50d2ee037849ab13bd26c292c67d,unknown,results/sglang/kv2/pilot_candidate_recovery_uuid_disabled.csv
pilot_candidate_uuid,unknown,deepseek-ai/DeepSeek-R1-Distill-Llama-8B,0.5.17,2026-09-09T13:14:53Z,b9b3454af6cc50d2ee037849ab13bd26c292c67d,unknown,results/sglang/kv2/pilot_candidate_uuid.csv
pilot_cross_tenant_disabled,cache-disabled,deepseek-ai/DeepSeek-R1-Distill-Llama-8B,0.5.17,2026-09-11T09:56:27Z,b9b3454af6cc50d2ee037849ab13bd26c292c67d,unknown,results/sglang/kv2/pilot_cross_tenant_disabled.csv
pilot_cross_tenant_disabled_gt,cache-disabled,deepseek-ai/DeepSeek-R1-Distill-Llama-8B,0.5.17,2026-09-11T09:56:27Z,b9b3454af6cc50d2ee037849ab13bd26c292c67d,unknown,results/sglang/kv2/pilot_cross_tenant_disabled_gt.csv
pilot_cross_tenant_shared,shared-cache,deepseek-ai/DeepSeek-R1-Distill-Llama-8B,0.5.17,2026-09-09T07:23:53Z,b9b3454af6cc50d2ee037849ab13bd26c292c67d,unknown,results/sglang/kv2/pilot_cross_tenant_shared.csv
pilot_cross_tenant_shared_gt,shared-cache,deepseek-ai/DeepSeek-R1-Distill-Llama-8B,0.5.17,2026-09-09T07:23:53Z,b9b3454af6cc50d2ee037849ab13bd26c292c67d,unknown,results/sglang/kv2/pilot_cross_tenant_shared_gt.csv
pilot_pin_chained_recovery_disabled,cache-disabled,deepseek-ai/DeepSeek-R1-Distill-Llama-8B,0.5.17,2026-09-11T10:03:49Z,b9b3454af6cc50d2ee037849ab13bd26c292c67d,experiments/sglang/run_pin_chained_recovery.py,results/sglang/kv2/pilot_pin_chained_recovery_disabled.csv
pilot_pin_chained_shared,shared-cache,deepseek-ai/DeepSeek-R1-Distill-Llama-8B,0.5.17,2026-09-09T07:36:27Z,b9b3454af6cc50d2ee037849ab13bd26c292c67d,experiments/sglang/run_pin_chained_recovery.py,results/sglang/kv2/pilot_pin_chained_shared.csv
pin_chained_disabled,cache-disabled,deepseek-ai/DeepSeek-R1-Distill-Llama-8B,0.5.17,2026-09-16T06:46:34Z,68aa2213a752232a2753a55b4d185ea8f71b8028,experiments/sglang/run_pin_chained_recovery.py,results/sglang/kv2/pin_chained_disabled.csv
pin_chained_isolated,tenant-isolated,deepseek-ai/DeepSeek-R1-Distill-Llama-8B,0.5.17,2026-09-11T06:33:02Z,b9b3454af6cc50d2ee037849ab13bd26c292c67d,experiments/sglang/run_pin_chained_recovery.py,results/sglang/kv2/pin_chained_isolated.csv
pin_chained_shared,shared-cache,deepseek-ai/DeepSeek-R1-Distill-Llama-8B,0.5.17,2026-09-09T11:56:19Z,b9b3454af6cc50d2ee037849ab13bd26c292c67d,experiments/sglang/run_pin_chained_recovery.py,results/sglang/kv2/pin_chained_shared.csv
position_beginning_disabled_deepseek,cache-disabled,deepseek-ai/DeepSeek-R1-Distill-Llama-8B,0.5.17,2026-09-17T19:10:57Z,68aa2213a752232a2753a55b4d185ea8f71b8028,unknown,results/sglang/kv2/position_beginning_disabled_deepseek.csv
position_beginning_disabled_qwen,cache-disabled,Qwen/Qwen2.5-7B-Instruct,0.5.17,2026-09-18T14:36:29Z,68aa2213a752232a2753a55b4d185ea8f71b8028,unknown,results/sglang/kv2/position_beginning_disabled_qwen.csv
position_beginning_shared_deepseek,shared-cache,deepseek-ai/DeepSeek-R1-Distill-Llama-8B,0.5.17,2026-09-17T19:10:44Z,68aa2213a752232a2753a55b4d185ea8f71b8028,unknown,results/sglang/kv2/position_beginning_shared_deepseek.csv
position_beginning_shared_qwen,shared-cache,Qwen/Qwen2.5-7B-Instruct,0.5.17,2026-09-18T14:36:15Z,68aa2213a752232a2753a55b4d185ea8f71b8028,unknown,results/sglang/kv2/position_beginning_shared_qwen.csv
position_end_disabled_deepseek,cache-disabled,deepseek-ai/DeepSeek-R1-Distill-Llama-8B,0.5.17,2026-09-17T19:11:52Z,68aa2213a752232a2753a55b4d185ea8f71b8028,unknown,results/sglang/kv2/position_end_disabled_deepseek.csv
position_end_disabled_qwen,cache-disabled,Qwen/Qwen2.5-7B-Instruct,0.5.17,2026-09-18T14:37:23Z,68aa2213a752232a2753a55b4d185ea8f71b8028,unknown,results/sglang/kv2/position_end_disabled_qwen.csv
position_end_shared_deepseek,shared-cache,deepseek-ai/DeepSeek-R1-Distill-Llama-8B,0.5.17,2026-09-17T19:11:39Z,68aa2213a752232a2753a55b4d185ea8f71b8028,unknown,results/sglang/kv2/position_end_shared_deepseek.csv
position_end_shared_qwen,shared-cache,Qwen/Qwen2.5-7B-Instruct,0.5.17,2026-09-18T14:37:09Z,68aa2213a752232a2753a55b4d185ea8f71b8028,unknown,results/sglang/kv2/position_end_shared_qwen.csv
position_middle_disabled_deepseek,cache-disabled,deepseek-ai/DeepSeek-R1-Distill-Llama-8B,0.5.17,2026-09-17T19:11:26Z,68aa2213a752232a2753a55b4d185ea8f71b8028,unknown,results/sglang/kv2/position_middle_disabled_deepseek.csv
position_middle_disabled_qwen,cache-disabled,Qwen/Qwen2.5-7B-Instruct,0.5.17,2026-09-18T14:36:56Z,68aa2213a752232a2753a55b4d185ea8f71b8028,unknown,results/sglang/kv2/position_middle_disabled_qwen.csv
position_middle_shared_deepseek,shared-cache,deepseek-ai/DeepSeek-R1-Distill-Llama-8B,0.5.17,2026-09-17T19:11:11Z,68aa2213a752232a2753a55b4d185ea8f71b8028,unknown,results/sglang/kv2/position_middle_shared_deepseek.csv
position_middle_shared_qwen,shared-cache,Qwen/Qwen2.5-7B-Instruct,0.5.17,2026-09-18T14:36:42Z,68aa2213a752232a2753a55b4d185ea8f71b8028,unknown,results/sglang/kv2/position_middle_shared_qwen.csv
prefix_1024_disabled_deepseek,cache-disabled,deepseek-ai/DeepSeek-R1-Distill-Llama-8B,0.5.17,2026-09-17T19:14:11Z,68aa2213a752232a2753a55b4d185ea8f71b8028,unknown,results/sglang/kv2/prefix_1024_disabled_deepseek.csv
prefix_1024_disabled_qwen,cache-disabled,Qwen/Qwen2.5-7B-Instruct,0.5.17,2026-09-18T14:39:36Z,68aa2213a752232a2753a55b4d185ea8f71b8028,unknown,results/sglang/kv2/prefix_1024_disabled_qwen.csv
prefix_1024_shared_deepseek,shared-cache,deepseek-ai/DeepSeek-R1-Distill-Llama-8B,0.5.17,2026-09-17T19:13:45Z,68aa2213a752232a2753a55b4d185ea8f71b8028,unknown,results/sglang/kv2/prefix_1024_shared_deepseek.csv
prefix_1024_shared_qwen,shared-cache,Qwen/Qwen2.5-7B-Instruct,0.5.17,2026-09-18T14:39:13Z,68aa2213a752232a2753a55b4d185ea8f71b8028,unknown,results/sglang/kv2/prefix_1024_shared_qwen.csv
prefix_16_disabled_deepseek,cache-disabled,deepseek-ai/DeepSeek-R1-Distill-Llama-8B,0.5.17,2026-09-17T19:12:17Z,68aa2213a752232a2753a55b4d185ea8f71b8028,unknown,results/sglang/kv2/prefix_16_disabled_deepseek.csv
prefix_16_disabled_qwen,cache-disabled,Qwen/Qwen2.5-7B-Instruct,0.5.17,2026-09-18T14:37:50Z,68aa2213a752232a2753a55b4d185ea8f71b8028,unknown,results/sglang/kv2/prefix_16_disabled_qwen.csv
prefix_16_shared_deepseek,shared-cache,deepseek-ai/DeepSeek-R1-Distill-Llama-8B,0.5.17,2026-09-17T19:12:05Z,68aa2213a752232a2753a55b4d185ea8f71b8028,unknown,results/sglang/kv2/prefix_16_shared_deepseek.csv
prefix_16_shared_qwen,shared-cache,Qwen/Qwen2.5-7B-Instruct,0.5.17,2026-09-18T14:37:36Z,68aa2213a752232a2753a55b4d185ea8f71b8028,unknown,results/sglang/kv2/prefix_16_shared_qwen.csv
prefix_256_disabled_deepseek,cache-disabled,deepseek-ai/DeepSeek-R1-Distill-Llama-8B,0.5.17,2026-09-17T19:13:19Z,68aa2213a752232a2753a55b4d185ea8f71b8028,unknown,results/sglang/kv2/prefix_256_disabled_deepseek.csv
prefix_256_disabled_qwen,cache-disabled,Qwen/Qwen2.5-7B-Instruct,0.5.17,2026-09-18T14:38:49Z,68aa2213a752232a2753a55b4d185ea8f71b8028,unknown,results/sglang/kv2/prefix_256_disabled_qwen.csv
prefix_256_shared_deepseek,shared-cache,deepseek-ai/DeepSeek-R1-Distill-Llama-8B,0.5.17,2026-09-17T19:13:01Z,68aa2213a752232a2753a55b4d185ea8f71b8028,unknown,results/sglang/kv2/prefix_256_shared_deepseek.csv
prefix_256_shared_qwen,shared-cache,Qwen/Qwen2.5-7B-Instruct,0.5.17,2026-09-18T14:38:33Z,68aa2213a752232a2753a55b4d185ea8f71b8028,unknown,results/sglang/kv2/prefix_256_shared_qwen.csv
prefix_64_disabled_deepseek,cache-disabled,deepseek-ai/DeepSeek-R1-Distill-Llama-8B,0.5.17,2026-09-17T19:12:44Z,68aa2213a752232a2753a55b4d185ea8f71b8028,unknown,results/sglang/kv2/prefix_64_disabled_deepseek.csv
prefix_64_disabled_qwen,cache-disabled,Qwen/Qwen2.5-7B-Instruct,0.5.17,2026-09-18T14:38:17Z,68aa2213a752232a2753a55b4d185ea8f71b8028,unknown,results/sglang/kv2/prefix_64_disabled_qwen.csv
prefix_64_shared_deepseek,shared-cache,deepseek-ai/DeepSeek-R1-Distill-Llama-8B,0.5.17,2026-09-17T19:12:30Z,68aa2213a752232a2753a55b4d185ea8f71b8028,unknown,results/sglang/kv2/prefix_64_shared_deepseek.csv
prefix_64_shared_qwen,shared-cache,Qwen/Qwen2.5-7B-Instruct,0.5.17,2026-09-18T14:38:03Z,68aa2213a752232a2753a55b4d185ea8f71b8028,unknown,results/sglang/kv2/prefix_64_shared_qwen.csv
