framework,position,cache_mode,trial,probe_candidate,wall_clock_latency,ground_truth_secret,condition
sglang,middle,shared,0,no,0.1510467609623447,no,correct
sglang,middle,shared,0,yes,0.14878507296089083,no,wrong
sglang,middle,shared,1,false,0.1516146829817444,false,correct
sglang,middle,shared,1,ok,0.15089283999986947,false,wrong
sglang,middle,shared,2,false,0.15055704698897898,false,correct
sglang,middle,shared,2,ok,0.14788802911061794,false,wrong
sglang,middle,shared,3,yes,0.1408265969948843,yes,correct
sglang,middle,shared,3,false,0.14921606599818915,yes,wrong
sglang,middle,shared,4,ok,0.14701575401704758,ok,correct
sglang,middle,shared,4,false,0.1535942730261013,ok,wrong
sglang,middle,shared,5,true,0.15113069710787386,true,correct
sglang,middle,shared,5,false,0.14442529692314565,true,wrong
sglang,middle,shared,6,ok,0.1486561120254919,ok,correct
sglang,middle,shared,6,yes,0.15160042606294155,ok,wrong
sglang,middle,shared,7,yes,0.1474679479142651,yes,correct
sglang,middle,shared,7,false,0.14901926508173347,yes,wrong
sglang,middle,shared,8,false,0.15044019697234035,false,correct
sglang,middle,shared,8,ok,0.15026053308974952,false,wrong
sglang,middle,shared,9,ok,0.15124061692040414,ok,correct
sglang,middle,shared,9,no,0.15291846205946058,ok,wrong
sglang,middle,shared,10,yes,0.1512968890601769,yes,correct
sglang,middle,shared,10,ok,0.14841955003794283,yes,wrong
sglang,middle,shared,11,false,0.1477824280736968,false,correct
sglang,middle,shared,11,yes,0.14794233196880668,false,wrong
sglang,middle,shared,12,ok,0.14807630109135062,ok,correct
sglang,middle,shared,12,no,0.15046703000552952,ok,wrong
sglang,middle,shared,13,no,0.14764732297044247,no,correct
sglang,middle,shared,13,false,0.14954917097929865,no,wrong
sglang,middle,shared,14,ok,0.15247526008170098,ok,correct
sglang,middle,shared,14,true,0.1458021649159491,ok,wrong
sglang,middle,shared,15,no,0.14943939296063036,no,correct
sglang,middle,shared,15,yes,0.14816553296986967,no,wrong
sglang,middle,shared,16,yes,0.15240122808609158,yes,correct
sglang,middle,shared,16,true,0.15205260296352208,yes,wrong
sglang,middle,shared,17,yes,0.14772705093491822,yes,correct
sglang,middle,shared,17,false,0.14779466693289578,yes,wrong
sglang,middle,shared,18,ok,0.14973504201043397,ok,correct
sglang,middle,shared,18,no,0.14951292995829135,ok,wrong
sglang,middle,shared,19,ok,0.14995664299931377,ok,correct
sglang,middle,shared,19,no,0.14965310506522655,ok,wrong
sglang,middle,shared,20,no,0.15126835997216403,no,correct
sglang,middle,shared,20,true,0.1536664799787104,no,wrong
sglang,middle,shared,21,true,0.1492242079693824,true,correct
sglang,middle,shared,21,no,0.15228145092260092,true,wrong
sglang,middle,shared,22,true,0.15334369498305023,true,correct
sglang,middle,shared,22,no,0.15355540707241744,true,wrong
sglang,middle,shared,23,false,0.1515686969505623,false,correct
sglang,middle,shared,23,true,0.1509798449696973,false,wrong
sglang,middle,shared,24,false,0.14977272204123437,false,correct
sglang,middle,shared,24,no,0.15007611399050802,false,wrong
sglang,middle,shared,25,ok,0.14651511004194617,ok,correct
sglang,middle,shared,25,false,0.15821884700562805,ok,wrong
sglang,middle,shared,26,ok,0.14874279708601534,ok,correct
sglang,middle,shared,26,yes,0.15037949092220515,ok,wrong
sglang,middle,shared,27,ok,0.1523868419462815,ok,correct
sglang,middle,shared,27,no,0.14795348304323852,ok,wrong
sglang,middle,shared,28,ok,0.1520005689235404,ok,correct
sglang,middle,shared,28,no,0.14950379298534244,ok,wrong
sglang,middle,shared,29,ok,0.1504366920562461,ok,correct
sglang,middle,shared,29,no,0.15340292698238045,ok,wrong
