framework,cache_mode,trial,position,probe_digit,wall_clock_latency,ground_truth_digit,position_guess,position_correct
sglang,cache-disabled,0,0,0,0.2459568369667977,7,6,False
sglang,cache-disabled,0,0,1,0.24800956895342097,7,6,False
sglang,cache-disabled,0,0,2,0.23801093397196382,7,6,False
sglang,cache-disabled,0,0,3,0.23991830501472577,7,6,False
sglang,cache-disabled,0,0,4,0.2599215430091135,7,6,False
sglang,cache-disabled,0,0,5,0.23897705198032781,7,6,False
sglang,cache-disabled,0,0,6,0.23529539798619226,7,6,False
sglang,cache-disabled,0,0,7,0.2503002380253747,7,6,False
sglang,cache-disabled,0,0,8,0.24558437103405595,7,6,False
sglang,cache-disabled,0,0,9,0.23654548602644354,7,6,False
sglang,cache-disabled,0,1,0,0.2481483540032059,9,7,False
sglang,cache-disabled,0,1,1,0.2472026679897681,9,7,False
sglang,cache-disabled,0,1,2,0.24364461499499157,9,7,False
sglang,cache-disabled,0,1,3,0.24919196002883837,9,7,False
sglang,cache-disabled,0,1,4,0.240981655952055,9,7,False
sglang,cache-disabled,0,1,5,0.23953892796998844,9,7,False
sglang,cache-disabled,0,1,6,0.2620086600072682,9,7,False
sglang,cache-disabled,0,1,7,0.23512358899461105,9,7,False
sglang,cache-disabled,0,1,8,0.26150924898684025,9,7,False
sglang,cache-disabled,0,1,9,0.23844437696971,9,7,False
sglang,cache-disabled,0,2,0,0.26106134202564135,3,3,True
sglang,cache-disabled,0,2,1,0.23683116800384596,3,3,True
sglang,cache-disabled,0,2,2,0.26580284198280424,3,3,True
sglang,cache-disabled,0,2,3,0.23258563899435103,3,3,True
sglang,cache-disabled,0,2,4,0.24354784801835194,3,3,True
sglang,cache-disabled,0,2,5,0.2537919559981674,3,3,True
sglang,cache-disabled,0,2,6,0.23716155503643677,3,3,True
sglang,cache-disabled,0,2,7,0.23399212799267843,3,3,True
sglang,cache-disabled,0,2,8,0.2545112720108591,3,3,True
sglang,cache-disabled,0,2,9,0.2495923149981536,3,3,True
sglang,cache-disabled,0,3,0,0.2381103599909693,1,1,True
sglang,cache-disabled,0,3,1,0.23734173201955855,1,1,True
sglang,cache-disabled,0,3,2,0.26367307000327855,1,1,True
sglang,cache-disabled,0,3,3,0.23863834800431505,1,1,True
sglang,cache-disabled,0,3,4,0.2415913409786299,1,1,True
sglang,cache-disabled,0,3,5,0.25938373303506523,1,1,True
sglang,cache-disabled,0,3,6,0.26389393594581634,1,1,True
sglang,cache-disabled,0,3,7,0.2584852959844284,1,1,True
sglang,cache-disabled,0,3,8,0.24189715000102296,1,1,True
sglang,cache-disabled,0,3,9,0.24314235901692882,1,1,True
sglang,cache-disabled,0,4,0,0.2502058880054392,0,3,False
sglang,cache-disabled,0,4,1,0.2586541129858233,0,3,False
sglang,cache-disabled,0,4,2,0.23585025104694068,0,3,False
sglang,cache-disabled,0,4,3,0.23372793500311673,0,3,False
sglang,cache-disabled,0,4,4,0.24286347697488964,0,3,False
sglang,cache-disabled,0,4,5,0.24122329097008333,0,3,False
sglang,cache-disabled,0,4,6,0.25173746497603133,0,3,False
sglang,cache-disabled,0,4,7,0.24352922500111163,0,3,False
sglang,cache-disabled,0,4,8,0.2341931060072966,0,3,False
sglang,cache-disabled,0,4,9,0.2533800029777922,0,3,False
sglang,cache-disabled,0,5,0,0.24244696303503588,6,3,False
sglang,cache-disabled,0,5,1,0.2338167040143162,6,3,False
sglang,cache-disabled,0,5,2,0.2651842650375329,6,3,False
sglang,cache-disabled,0,5,3,0.2335877270088531,6,3,False
sglang,cache-disabled,0,5,4,0.2597803130047396,6,3,False
sglang,cache-disabled,0,5,5,0.2350407270132564,6,3,False
sglang,cache-disabled,0,5,6,0.2369530909927562,6,3,False
sglang,cache-disabled,0,5,7,0.23971729894401506,6,3,False
sglang,cache-disabled,0,5,8,0.2489615450031124,6,3,False
sglang,cache-disabled,0,5,9,0.24484611302614212,6,3,False
sglang,cache-disabled,1,0,0,0.2527795679634437,3,6,False
sglang,cache-disabled,1,0,1,0.24824672599788755,3,6,False
sglang,cache-disabled,1,0,2,0.25619915704010054,3,6,False
sglang,cache-disabled,1,0,3,0.241226940008346,3,6,False
sglang,cache-disabled,1,0,4,0.261710372986272,3,6,False
sglang,cache-disabled,1,0,5,0.2400739740114659,3,6,False
sglang,cache-disabled,1,0,6,0.16055638500256464,3,6,False
sglang,cache-disabled,1,0,7,0.21682682901155204,3,6,False
sglang,cache-disabled,1,0,8,0.24617997801396996,3,6,False
sglang,cache-disabled,1,0,9,0.23362918401835486,3,6,False
sglang,cache-disabled,1,1,0,0.2501391219557263,0,2,False
sglang,cache-disabled,1,1,1,0.24708241602638736,0,2,False
sglang,cache-disabled,1,1,2,0.23376366501906887,0,2,False
sglang,cache-disabled,1,1,3,0.23573628399753943,0,2,False
sglang,cache-disabled,1,1,4,0.24648774100933224,0,2,False
sglang,cache-disabled,1,1,5,0.24737539299530908,0,2,False
sglang,cache-disabled,1,1,6,0.24145508703077212,0,2,False
sglang,cache-disabled,1,1,7,0.2509498149738647,0,2,False
sglang,cache-disabled,1,1,8,0.25034408300416544,0,2,False
sglang,cache-disabled,1,1,9,0.26676950801629573,0,2,False
sglang,cache-disabled,1,2,0,0.23935608204919845,1,2,False
sglang,cache-disabled,1,2,1,0.2513303299783729,1,2,False
sglang,cache-disabled,1,2,2,0.2298422500025481,1,2,False
sglang,cache-disabled,1,2,3,0.23769980104407296,1,2,False
sglang,cache-disabled,1,2,4,0.2439901580219157,1,2,False
sglang,cache-disabled,1,2,5,0.248946555017028,1,2,False
sglang,cache-disabled,1,2,6,0.236773042997811,1,2,False
sglang,cache-disabled,1,2,7,0.24860386498039588,1,2,False
sglang,cache-disabled,1,2,8,0.2544990530004725,1,2,False
sglang,cache-disabled,1,2,9,0.25760548596736044,1,2,False
sglang,cache-disabled,1,3,0,0.2397790780523792,7,6,False
sglang,cache-disabled,1,3,1,0.24737694597570226,7,6,False
sglang,cache-disabled,1,3,2,0.24775658099679276,7,6,False
sglang,cache-disabled,1,3,3,0.2601486379862763,7,6,False
sglang,cache-disabled,1,3,4,0.2438595020212233,7,6,False
sglang,cache-disabled,1,3,5,0.2678004589979537,7,6,False
sglang,cache-disabled,1,3,6,0.2386098710121587,7,6,False
sglang,cache-disabled,1,3,7,0.24228914000559598,7,6,False
sglang,cache-disabled,1,3,8,0.25389620097121224,7,6,False
sglang,cache-disabled,1,3,9,0.24834277702029794,7,6,False
sglang,cache-disabled,1,4,0,0.23546860500937328,3,9,False
sglang,cache-disabled,1,4,1,0.26076328195631504,3,9,False
sglang,cache-disabled,1,4,2,0.23467330302810296,3,9,False
sglang,cache-disabled,1,4,3,0.245610695972573,3,9,False
sglang,cache-disabled,1,4,4,0.25017849897267297,3,9,False
sglang,cache-disabled,1,4,5,0.2338690430042334,3,9,False
sglang,cache-disabled,1,4,6,0.2546321100089699,3,9,False
sglang,cache-disabled,1,4,7,0.24457592301769182,3,9,False
sglang,cache-disabled,1,4,8,0.2364868029835634,3,9,False
sglang,cache-disabled,1,4,9,0.2327780449995771,3,9,False
sglang,cache-disabled,1,5,0,0.25991475000046194,0,6,False
sglang,cache-disabled,1,5,1,0.23947418096940964,0,6,False
sglang,cache-disabled,1,5,2,0.25757182395318523,0,6,False
sglang,cache-disabled,1,5,3,0.24259359197458252,0,6,False
sglang,cache-disabled,1,5,4,0.24774094996973872,0,6,False
sglang,cache-disabled,1,5,5,0.2563994009979069,0,6,False
sglang,cache-disabled,1,5,6,0.23727459996007383,0,6,False
sglang,cache-disabled,1,5,7,0.23913547495612875,0,6,False
sglang,cache-disabled,1,5,8,0.255673909035977,0,6,False
sglang,cache-disabled,1,5,9,0.24601730797439814,0,6,False
sglang,cache-disabled,2,0,0,0.2594930839841254,2,3,False
sglang,cache-disabled,2,0,1,0.24202102900017053,2,3,False
sglang,cache-disabled,2,0,2,0.2636245010071434,2,3,False
sglang,cache-disabled,2,0,3,0.2313498290022835,2,3,False
sglang,cache-disabled,2,0,4,0.2373895769705996,2,3,False
sglang,cache-disabled,2,0,5,0.25022894999710843,2,3,False
sglang,cache-disabled,2,0,6,0.25195441499818116,2,3,False
sglang,cache-disabled,2,0,7,0.23492705199168995,2,3,False
sglang,cache-disabled,2,0,8,0.24761976598529145,2,3,False
sglang,cache-disabled,2,0,9,0.2613570470130071,2,3,False
sglang,cache-disabled,2,1,0,0.23452781699597836,7,0,False
sglang,cache-disabled,2,1,1,0.2349381879903376,7,0,False
sglang,cache-disabled,2,1,2,0.2540321410051547,7,0,False
sglang,cache-disabled,2,1,3,0.2461935339961201,7,0,False
sglang,cache-disabled,2,1,4,0.2396673829643987,7,0,False
sglang,cache-disabled,2,1,5,0.2601880170404911,7,0,False
sglang,cache-disabled,2,1,6,0.24737733299843967,7,0,False
sglang,cache-disabled,2,1,7,0.23784055601572618,7,0,False
sglang,cache-disabled,2,1,8,0.24521736899623647,7,0,False
sglang,cache-disabled,2,1,9,0.2530712229781784,7,0,False
sglang,cache-disabled,2,2,0,0.23592398595064878,0,0,True
sglang,cache-disabled,2,2,1,0.24150557100074366,0,0,True
sglang,cache-disabled,2,2,2,0.2562226979644038,0,0,True
sglang,cache-disabled,2,2,3,0.2421951110009104,0,0,True
sglang,cache-disabled,2,2,4,0.2584167430177331,0,0,True
sglang,cache-disabled,2,2,5,0.23900493199471384,0,0,True
sglang,cache-disabled,2,2,6,0.2566190690267831,0,0,True
sglang,cache-disabled,2,2,7,0.24737210205057636,0,0,True
sglang,cache-disabled,2,2,8,0.2580257650115527,0,0,True
sglang,cache-disabled,2,2,9,0.24288135499227792,0,0,True
sglang,cache-disabled,2,3,0,0.26023673795862123,3,7,False
sglang,cache-disabled,2,3,1,0.241888532997109,3,7,False
sglang,cache-disabled,2,3,2,0.2631099230493419,3,7,False
sglang,cache-disabled,2,3,3,0.24571034900145605,3,7,False
sglang,cache-disabled,2,3,4,0.2599724010215141,3,7,False
sglang,cache-disabled,2,3,5,0.24294394796015695,3,7,False
sglang,cache-disabled,2,3,6,0.26052117202198133,3,7,False
sglang,cache-disabled,2,3,7,0.23536558297928423,3,7,False
sglang,cache-disabled,2,3,8,0.2619592289556749,3,7,False
sglang,cache-disabled,2,3,9,0.24348094395827502,3,7,False
sglang,cache-disabled,2,4,0,0.25972927996190265,5,6,False
sglang,cache-disabled,2,4,1,0.23901075695175678,5,6,False
sglang,cache-disabled,2,4,2,0.25857143296161667,5,6,False
sglang,cache-disabled,2,4,3,0.2633621330023743,5,6,False
sglang,cache-disabled,2,4,4,0.2382419519708492,5,6,False
sglang,cache-disabled,2,4,5,0.2622171829571016,5,6,False
sglang,cache-disabled,2,4,6,0.23327342799166217,5,6,False
sglang,cache-disabled,2,4,7,0.26093016704544425,5,6,False
sglang,cache-disabled,2,4,8,0.24504648899892345,5,6,False
sglang,cache-disabled,2,4,9,0.2601672349846922,5,6,False
sglang,cache-disabled,2,5,0,0.23382531898096204,8,1,False
sglang,cache-disabled,2,5,1,0.1614096109988168,8,1,False
sglang,cache-disabled,2,5,2,0.23392653599148616,8,1,False
sglang,cache-disabled,2,5,3,0.2609336880268529,8,1,False
sglang,cache-disabled,2,5,4,0.24292374099604785,8,1,False
sglang,cache-disabled,2,5,5,0.2553204380092211,8,1,False
sglang,cache-disabled,2,5,6,0.23454938700888306,8,1,False
sglang,cache-disabled,2,5,7,0.2612350340350531,8,1,False
sglang,cache-disabled,2,5,8,0.23998676403425634,8,1,False
sglang,cache-disabled,2,5,9,0.25879397901007906,8,1,False
sglang,cache-disabled,3,0,0,0.24877475202083588,2,8,False
sglang,cache-disabled,3,0,1,0.2589472439722158,2,8,False
sglang,cache-disabled,3,0,2,0.23377763899043202,2,8,False
sglang,cache-disabled,3,0,3,0.25349898799322546,2,8,False
sglang,cache-disabled,3,0,4,0.24542431597365066,2,8,False
sglang,cache-disabled,3,0,5,0.23825476999627426,2,8,False
sglang,cache-disabled,3,0,6,0.2511123819858767,2,8,False
sglang,cache-disabled,3,0,7,0.2510908620315604,2,8,False
sglang,cache-disabled,3,0,8,0.23314176400890574,2,8,False
sglang,cache-disabled,3,0,9,0.23664867994375527,2,8,False
sglang,cache-disabled,3,1,0,0.2518977950094268,5,6,False
sglang,cache-disabled,3,1,1,0.25116252596490085,5,6,False
sglang,cache-disabled,3,1,2,0.22750664298655465,5,6,False
sglang,cache-disabled,3,1,3,0.24181168799987063,5,6,False
sglang,cache-disabled,3,1,4,0.25051598000572994,5,6,False
sglang,cache-disabled,3,1,5,0.25106174300890416,5,6,False
sglang,cache-disabled,3,1,6,0.22176667297026142,5,6,False
sglang,cache-disabled,3,1,7,0.25033548299688846,5,6,False
sglang,cache-disabled,3,1,8,0.2368060100125149,5,6,False
sglang,cache-disabled,3,1,9,0.2530479619745165,5,6,False
sglang,cache-disabled,3,2,0,0.24765807401854545,0,7,False
sglang,cache-disabled,3,2,1,0.2518802440026775,0,7,False
sglang,cache-disabled,3,2,2,0.25499242200748995,0,7,False
sglang,cache-disabled,3,2,3,0.24003590096253902,0,7,False
sglang,cache-disabled,3,2,4,0.23808806599117815,0,7,False
sglang,cache-disabled,3,2,5,0.25405052799033,0,7,False
sglang,cache-disabled,3,2,6,0.2415463419747539,0,7,False
sglang,cache-disabled,3,2,7,0.23436988500179723,0,7,False
sglang,cache-disabled,3,2,8,0.23980969202239066,0,7,False
sglang,cache-disabled,3,2,9,0.244851962022949,0,7,False
sglang,cache-disabled,3,3,0,0.2590032459702343,8,1,False
sglang,cache-disabled,3,3,1,0.2332431260147132,8,1,False
sglang,cache-disabled,3,3,2,0.25634843099396676,8,1,False
sglang,cache-disabled,3,3,3,0.2476662509725429,8,1,False
sglang,cache-disabled,3,3,4,0.24487311497796327,8,1,False
sglang,cache-disabled,3,3,5,0.2592272479669191,8,1,False
sglang,cache-disabled,3,3,6,0.23718519799876958,8,1,False
sglang,cache-disabled,3,3,7,0.26198399998247623,8,1,False
sglang,cache-disabled,3,3,8,0.2371949260123074,8,1,False
sglang,cache-disabled,3,3,9,0.2515706269768998,8,1,False
sglang,cache-disabled,3,4,0,0.25179394002771005,3,9,False
sglang,cache-disabled,3,4,1,0.23981946904677898,3,9,False
sglang,cache-disabled,3,4,2,0.2367106190067716,3,9,False
sglang,cache-disabled,3,4,3,0.24940783099737018,3,9,False
sglang,cache-disabled,3,4,4,0.24752343498403206,3,9,False
sglang,cache-disabled,3,4,5,0.23646853695390746,3,9,False
sglang,cache-disabled,3,4,6,0.23767920100362971,3,9,False
sglang,cache-disabled,3,4,7,0.24441676097922027,3,9,False
sglang,cache-disabled,3,4,8,0.2594510579947382,3,9,False
sglang,cache-disabled,3,4,9,0.23377441003685817,3,9,False
sglang,cache-disabled,3,5,0,0.26650770800188184,6,3,False
sglang,cache-disabled,3,5,1,0.24117656599264592,6,3,False
sglang,cache-disabled,3,5,2,0.26620469900080934,6,3,False
sglang,cache-disabled,3,5,3,0.23975132498890162,6,3,False
sglang,cache-disabled,3,5,4,0.26490739500150084,6,3,False
sglang,cache-disabled,3,5,5,0.24568828905466944,6,3,False
sglang,cache-disabled,3,5,6,0.25794125796528533,6,3,False
sglang,cache-disabled,3,5,7,0.26228590798564255,6,3,False
sglang,cache-disabled,3,5,8,0.24171380104962736,6,3,False
sglang,cache-disabled,3,5,9,0.2639600620022975,6,3,False
sglang,cache-disabled,4,0,0,0.25745562301017344,1,7,False
sglang,cache-disabled,4,0,1,0.24842960096430033,1,7,False
sglang,cache-disabled,4,0,2,0.25451056502060965,1,7,False
sglang,cache-disabled,4,0,3,0.2385347429662943,1,7,False
sglang,cache-disabled,4,0,4,0.23455281497444957,1,7,False
sglang,cache-disabled,4,0,5,0.2451944939675741,1,7,False
sglang,cache-disabled,4,0,6,0.24978280998766422,1,7,False
sglang,cache-disabled,4,0,7,0.23258112400071695,1,7,False
sglang,cache-disabled,4,0,8,0.24089814897160977,1,7,False
sglang,cache-disabled,4,0,9,0.2528435160056688,1,7,False
sglang,cache-disabled,4,1,0,0.24324674002127722,2,7,False
sglang,cache-disabled,4,1,1,0.23693641397403553,2,7,False
sglang,cache-disabled,4,1,2,0.24110555899096653,2,7,False
sglang,cache-disabled,4,1,3,0.2520470629679039,2,7,False
sglang,cache-disabled,4,1,4,0.24770892603555694,2,7,False
sglang,cache-disabled,4,1,5,0.2573456550016999,2,7,False
sglang,cache-disabled,4,1,6,0.24751153303077444,2,7,False
sglang,cache-disabled,4,1,7,0.23635545099386945,2,7,False
sglang,cache-disabled,4,1,8,0.23808942903997377,2,7,False
sglang,cache-disabled,4,1,9,0.24681904900353402,2,7,False
sglang,cache-disabled,4,2,0,0.24921762401936576,1,4,False
sglang,cache-disabled,4,2,1,0.23817998898448423,1,4,False
sglang,cache-disabled,4,2,2,0.23926142102573067,1,4,False
sglang,cache-disabled,4,2,3,0.2631726019899361,1,4,False
sglang,cache-disabled,4,2,4,0.23559525498421863,1,4,False
sglang,cache-disabled,4,2,5,0.26536010403651744,1,4,False
sglang,cache-disabled,4,2,6,0.23567075905157253,1,4,False
sglang,cache-disabled,4,2,7,0.2646047070156783,1,4,False
sglang,cache-disabled,4,2,8,0.24140399298630655,1,4,False
sglang,cache-disabled,4,2,9,0.2635938849998638,1,4,False
sglang,cache-disabled,4,3,0,0.2373874579789117,8,2,False
sglang,cache-disabled,4,3,1,0.1954544089967385,8,2,False
sglang,cache-disabled,4,3,2,0.15438139700563625,8,2,False
sglang,cache-disabled,4,3,3,0.25441327097360045,8,2,False
sglang,cache-disabled,4,3,4,0.24822028999915347,8,2,False
sglang,cache-disabled,4,3,5,0.23144844599300995,8,2,False
sglang,cache-disabled,4,3,6,0.25943773303879425,8,2,False
sglang,cache-disabled,4,3,7,0.24694969097618014,8,2,False
sglang,cache-disabled,4,3,8,0.2630499469814822,8,2,False
sglang,cache-disabled,4,3,9,0.23858175403438509,8,2,False
sglang,cache-disabled,4,4,0,0.2613930410007015,0,1,False
sglang,cache-disabled,4,4,1,0.23541136702988297,0,1,False
sglang,cache-disabled,4,4,2,0.26158968202071264,0,1,False
sglang,cache-disabled,4,4,3,0.23846912902081385,0,1,False
sglang,cache-disabled,4,4,4,0.26109606301179156,0,1,False
sglang,cache-disabled,4,4,5,0.23594773799413815,0,1,False
sglang,cache-disabled,4,4,6,0.2643586269696243,0,1,False
sglang,cache-disabled,4,4,7,0.23978569696191698,0,1,False
sglang,cache-disabled,4,4,8,0.26227762299822643,0,1,False
sglang,cache-disabled,4,4,9,0.2378524689702317,0,1,False
sglang,cache-disabled,4,5,0,0.2455589949968271,3,9,False
sglang,cache-disabled,4,5,1,0.2470597560168244,3,9,False
sglang,cache-disabled,4,5,2,0.24351498304167762,3,9,False
sglang,cache-disabled,4,5,3,0.2362991480040364,3,9,False
sglang,cache-disabled,4,5,4,0.2534685780410655,3,9,False
sglang,cache-disabled,4,5,5,0.24890427896752954,3,9,False
sglang,cache-disabled,4,5,6,0.2365925589692779,3,9,False
sglang,cache-disabled,4,5,7,0.2530384960118681,3,9,False
sglang,cache-disabled,4,5,8,0.2502937280223705,3,9,False
sglang,cache-disabled,4,5,9,0.23268157499842346,3,9,False
sglang,cache-disabled,5,0,0,0.25747943500755355,7,5,False
sglang,cache-disabled,5,0,1,0.2370115049998276,7,5,False
sglang,cache-disabled,5,0,2,0.23544344800757244,7,5,False
sglang,cache-disabled,5,0,3,0.2563410120201297,7,5,False
sglang,cache-disabled,5,0,4,0.24886565603083,7,5,False
sglang,cache-disabled,5,0,5,0.23490971699357033,7,5,False
sglang,cache-disabled,5,0,6,0.2393358389963396,7,5,False
sglang,cache-disabled,5,0,7,0.25576188904233277,7,5,False
sglang,cache-disabled,5,0,8,0.2489219600101933,7,5,False
sglang,cache-disabled,5,0,9,0.23554207297274843,7,5,False
sglang,cache-disabled,5,1,0,0.2381227440200746,4,5,False
sglang,cache-disabled,5,1,1,0.25470292300451547,4,5,False
sglang,cache-disabled,5,1,2,0.24801344302250072,4,5,False
sglang,cache-disabled,5,1,3,0.2418407030054368,4,5,False
sglang,cache-disabled,5,1,4,0.2559038259787485,4,5,False
sglang,cache-disabled,5,1,5,0.23502502997871488,4,5,False
sglang,cache-disabled,5,1,6,0.23768307798309252,4,5,False
sglang,cache-disabled,5,1,7,0.2370698419981636,4,5,False
sglang,cache-disabled,5,1,8,0.2563091090414673,4,5,False
sglang,cache-disabled,5,1,9,0.24995553499320522,4,5,False
sglang,cache-disabled,5,2,0,0.2337874710210599,8,0,False
sglang,cache-disabled,5,2,1,0.25509327702457085,8,0,False
sglang,cache-disabled,5,2,2,0.2410442500258796,8,0,False
sglang,cache-disabled,5,2,3,0.24778379400959238,8,0,False
sglang,cache-disabled,5,2,4,0.251000598014798,8,0,False
sglang,cache-disabled,5,2,5,0.23567090602591634,8,0,False
sglang,cache-disabled,5,2,6,0.23955572996055707,8,0,False
sglang,cache-disabled,5,2,7,0.2581507840077393,8,0,False
sglang,cache-disabled,5,2,8,0.24113429902354255,8,0,False
sglang,cache-disabled,5,2,9,0.23986898001749068,8,0,False
sglang,cache-disabled,5,3,0,0.26145914098015055,3,7,False
sglang,cache-disabled,5,3,1,0.23636878200341016,3,7,False
sglang,cache-disabled,5,3,2,0.2596892419969663,3,7,False
sglang,cache-disabled,5,3,3,0.2360535810003057,3,7,False
sglang,cache-disabled,5,3,4,0.25845749099971727,3,7,False
sglang,cache-disabled,5,3,5,0.2371069950168021,3,7,False
sglang,cache-disabled,5,3,6,0.2622102970490232,3,7,False
sglang,cache-disabled,5,3,7,0.2335699190152809,3,7,False
sglang,cache-disabled,5,3,8,0.23670921701705083,3,7,False
sglang,cache-disabled,5,3,9,0.26533941994421184,3,7,False
sglang,cache-disabled,5,4,0,0.23644987103762105,1,4,False
sglang,cache-disabled,5,4,1,0.24122298799920827,1,4,False
sglang,cache-disabled,5,4,2,0.25187857198761776,1,4,False
sglang,cache-disabled,5,4,3,0.24946489301510155,1,4,False
sglang,cache-disabled,5,4,4,0.23542380199069157,1,4,False
sglang,cache-disabled,5,4,5,0.2549484460032545,1,4,False
sglang,cache-disabled,5,4,6,0.23972641996806487,1,4,False
sglang,cache-disabled,5,4,7,0.24491657799808308,1,4,False
sglang,cache-disabled,5,4,8,0.25880125403637066,1,4,False
sglang,cache-disabled,5,4,9,0.24362881103297696,1,4,False
sglang,cache-disabled,5,5,0,0.25746886199340224,9,5,False
sglang,cache-disabled,5,5,1,0.2623302499996498,9,5,False
sglang,cache-disabled,5,5,2,0.23979843698907644,9,5,False
sglang,cache-disabled,5,5,3,0.26151989301433787,9,5,False
sglang,cache-disabled,5,5,4,0.2431212730007246,9,5,False
sglang,cache-disabled,5,5,5,0.2363135350169614,9,5,False
sglang,cache-disabled,5,5,6,0.2549033589893952,9,5,False
sglang,cache-disabled,5,5,7,0.24415684601990506,9,5,False
sglang,cache-disabled,5,5,8,0.23720413295086473,9,5,False
sglang,cache-disabled,5,5,9,0.2511699600145221,9,5,False
sglang,cache-disabled,6,0,0,0.23378067300654948,6,0,False
sglang,cache-disabled,6,0,1,0.26051531301345676,6,0,False
sglang,cache-disabled,6,0,2,0.24373689200729132,6,0,False
sglang,cache-disabled,6,0,3,0.26329022500431165,6,0,False
sglang,cache-disabled,6,0,4,0.23975747701479122,6,0,False
sglang,cache-disabled,6,0,5,0.2651557410135865,6,0,False
sglang,cache-disabled,6,0,6,0.2417037119739689,6,0,False
sglang,cache-disabled,6,0,7,0.24187384103424847,6,0,False
sglang,cache-disabled,6,0,8,0.25631611997960135,6,0,False
sglang,cache-disabled,6,0,9,0.24330241000279784,6,0,False
sglang,cache-disabled,6,1,0,0.23474026302574202,9,0,False
sglang,cache-disabled,6,1,1,0.25356976699549705,9,0,False
sglang,cache-disabled,6,1,2,0.24487651500385255,9,0,False
sglang,cache-disabled,6,1,3,0.2357369249803014,9,0,False
sglang,cache-disabled,6,1,4,0.24391593399923295,9,0,False
sglang,cache-disabled,6,1,5,0.2474511070176959,9,0,False
sglang,cache-disabled,6,1,6,0.24442243302473798,9,0,False
sglang,cache-disabled,6,1,7,0.2467113749589771,9,0,False
sglang,cache-disabled,6,1,8,0.26274803100386634,9,0,False
sglang,cache-disabled,6,1,9,0.24058130598859861,9,0,False
sglang,cache-disabled,6,2,0,0.22230044601019472,2,1,False
sglang,cache-disabled,6,2,1,0.1579737900174223,2,1,False
sglang,cache-disabled,6,2,2,0.2331677110050805,2,1,False
sglang,cache-disabled,6,2,3,0.2629901119507849,2,1,False
sglang,cache-disabled,6,2,4,0.23761612101225182,2,1,False
sglang,cache-disabled,6,2,5,0.2614417989971116,2,1,False
sglang,cache-disabled,6,2,6,0.24446353799430653,2,1,False
sglang,cache-disabled,6,2,7,0.2615471439785324,2,1,False
sglang,cache-disabled,6,2,8,0.24281805602367967,2,1,False
sglang,cache-disabled,6,2,9,0.23326465504942462,2,1,False
sglang,cache-disabled,6,3,0,0.2439673600019887,6,9,False
sglang,cache-disabled,6,3,1,0.24880564399063587,6,9,False
sglang,cache-disabled,6,3,2,0.23743914399528876,6,9,False
sglang,cache-disabled,6,3,3,0.2383397730300203,6,9,False
sglang,cache-disabled,6,3,4,0.26121920702280477,6,9,False
sglang,cache-disabled,6,3,5,0.2389082100125961,6,9,False
sglang,cache-disabled,6,3,6,0.26016484800493345,6,9,False
sglang,cache-disabled,6,3,7,0.25680033199023455,6,9,False
sglang,cache-disabled,6,3,8,0.2401505529996939,6,9,False
sglang,cache-disabled,6,3,9,0.2358213109546341,6,9,False
sglang,cache-disabled,6,4,0,0.24340122897410765,0,4,False
sglang,cache-disabled,6,4,1,0.2445821949513629,0,4,False
sglang,cache-disabled,6,4,2,0.24243026302428916,0,4,False
sglang,cache-disabled,6,4,3,0.2624341739574447,0,4,False
sglang,cache-disabled,6,4,4,0.23548241303069517,0,4,False
sglang,cache-disabled,6,4,5,0.26051632297458127,0,4,False
sglang,cache-disabled,6,4,6,0.23763641103869304,0,4,False
sglang,cache-disabled,6,4,7,0.23600054497364908,0,4,False
sglang,cache-disabled,6,4,8,0.25927532301284373,0,4,False
sglang,cache-disabled,6,4,9,0.24430958699667826,0,4,False
sglang,cache-disabled,6,5,0,0.2634961650473997,9,9,True
sglang,cache-disabled,6,5,1,0.24410544097190723,9,9,True
sglang,cache-disabled,6,5,2,0.2624526549479924,9,9,True
sglang,cache-disabled,6,5,3,0.24385707097826526,9,9,True
sglang,cache-disabled,6,5,4,0.25868762499885634,9,9,True
sglang,cache-disabled,6,5,5,0.2629958099569194,9,9,True
sglang,cache-disabled,6,5,6,0.2404344110400416,9,9,True
sglang,cache-disabled,6,5,7,0.23778647498693317,9,9,True
sglang,cache-disabled,6,5,8,0.26194418797967955,9,9,True
sglang,cache-disabled,6,5,9,0.23670182999921963,9,9,True
sglang,cache-disabled,7,0,0,0.23260210797889158,8,0,False
sglang,cache-disabled,7,0,1,0.24111819203244522,8,0,False
sglang,cache-disabled,7,0,2,0.2559789050137624,8,0,False
sglang,cache-disabled,7,0,3,0.24208866199478507,8,0,False
sglang,cache-disabled,7,0,4,0.23648526903707534,8,0,False
sglang,cache-disabled,7,0,5,0.25693756697000936,8,0,False
sglang,cache-disabled,7,0,6,0.24877876602113247,8,0,False
sglang,cache-disabled,7,0,7,0.23727360897464678,8,0,False
sglang,cache-disabled,7,0,8,0.25453385699074715,8,0,False
sglang,cache-disabled,7,0,9,0.24665734596783295,8,0,False
sglang,cache-disabled,7,1,0,0.23736042605014518,6,8,False
sglang,cache-disabled,7,1,1,0.257522082014475,6,8,False
sglang,cache-disabled,7,1,2,0.2452330969972536,6,8,False
sglang,cache-disabled,7,1,3,0.237283370050136,6,8,False
sglang,cache-disabled,7,1,4,0.25090682704467326,6,8,False
sglang,cache-disabled,7,1,5,0.24802466604160145,6,8,False
sglang,cache-disabled,7,1,6,0.23636683699442074,6,8,False
sglang,cache-disabled,7,1,7,0.23700781603110954,6,8,False
sglang,cache-disabled,7,1,8,0.23256594996200874,6,8,False
sglang,cache-disabled,7,1,9,0.23670619900804013,6,8,False
sglang,cache-disabled,7,2,0,0.25174568098736927,8,9,False
sglang,cache-disabled,7,2,1,0.24498749600024894,8,9,False
sglang,cache-disabled,7,2,2,0.240879054996185,8,9,False
sglang,cache-disabled,7,2,3,0.2340275109745562,8,9,False
sglang,cache-disabled,7,2,4,0.25774445198476315,8,9,False
sglang,cache-disabled,7,2,5,0.2455461710342206,8,9,False
sglang,cache-disabled,7,2,6,0.2505529379704967,8,9,False
sglang,cache-disabled,7,2,7,0.2524049810017459,8,9,False
sglang,cache-disabled,7,2,8,0.23477484297472984,8,9,False
sglang,cache-disabled,7,2,9,0.23351491597713903,8,9,False
sglang,cache-disabled,7,3,0,0.23990796197904274,3,6,False
sglang,cache-disabled,7,3,1,0.25679470400791615,3,6,False
sglang,cache-disabled,7,3,2,0.2508222199976444,3,6,False
sglang,cache-disabled,7,3,3,0.25649489398347214,3,6,False
sglang,cache-disabled,7,3,4,0.24618961598025635,3,6,False
sglang,cache-disabled,7,3,5,0.2604031569790095,3,6,False
sglang,cache-disabled,7,3,6,0.23941311094677076,3,6,False
sglang,cache-disabled,7,3,7,0.25817730400012806,3,6,False
sglang,cache-disabled,7,3,8,0.2465455540223047,3,6,False
sglang,cache-disabled,7,3,9,0.25490485201589763,3,6,False
sglang,cache-disabled,7,4,0,0.25609791598981246,5,7,False
sglang,cache-disabled,7,4,1,0.246405826008413,5,7,False
sglang,cache-disabled,7,4,2,0.2593871030258015,5,7,False
sglang,cache-disabled,7,4,3,0.25139075197512284,5,7,False
sglang,cache-disabled,7,4,4,0.25985395396128297,5,7,False
sglang,cache-disabled,7,4,5,0.23748218797845766,5,7,False
sglang,cache-disabled,7,4,6,0.26979955000570044,5,7,False
sglang,cache-disabled,7,4,7,0.23534556798404083,5,7,False
sglang,cache-disabled,7,4,8,0.2510200300021097,5,7,False
sglang,cache-disabled,7,4,9,0.24512074596714228,5,7,False
sglang,cache-disabled,7,5,0,0.2390501819900237,2,7,False
sglang,cache-disabled,7,5,1,0.2556294010137208,2,7,False
sglang,cache-disabled,7,5,2,0.2514553280198015,2,7,False
sglang,cache-disabled,7,5,3,0.2603197490097955,2,7,False
sglang,cache-disabled,7,5,4,0.2511532139615156,2,7,False
sglang,cache-disabled,7,5,5,0.2493001000257209,2,7,False
sglang,cache-disabled,7,5,6,0.2384167859563604,2,7,False
sglang,cache-disabled,7,5,7,0.23185316304443404,2,7,False
sglang,cache-disabled,7,5,8,0.2385794590227306,2,7,False
sglang,cache-disabled,7,5,9,0.243650354037527,2,7,False
sglang,cache-disabled,8,0,0,0.24856166401878,2,1,False
sglang,cache-disabled,8,0,1,0.23910634295316413,2,1,False
sglang,cache-disabled,8,0,2,0.25844617100665346,2,1,False
sglang,cache-disabled,8,0,3,0.2407353449962102,2,1,False
sglang,cache-disabled,8,0,4,0.24032023799372837,2,1,False
sglang,cache-disabled,8,0,5,0.2517718269955367,2,1,False
sglang,cache-disabled,8,0,6,0.2418776240083389,2,1,False
sglang,cache-disabled,8,0,7,0.24057208001613617,2,1,False
sglang,cache-disabled,8,0,8,0.2514246889622882,2,1,False
sglang,cache-disabled,8,0,9,0.2458068470004946,2,1,False
sglang,cache-disabled,8,1,0,0.23296670702984557,0,7,False
sglang,cache-disabled,8,1,1,0.26639794697985053,0,7,False
sglang,cache-disabled,8,1,2,0.23510620702290908,0,7,False
sglang,cache-disabled,8,1,3,0.22942705400055274,0,7,False
sglang,cache-disabled,8,1,4,0.26021005399525166,0,7,False
sglang,cache-disabled,8,1,5,0.24231652298476547,0,7,False
sglang,cache-disabled,8,1,6,0.2309286940144375,0,7,False
sglang,cache-disabled,8,1,7,0.1596446520416066,0,7,False
sglang,cache-disabled,8,1,8,0.24497164302738383,0,7,False
sglang,cache-disabled,8,1,9,0.2574372850358486,0,7,False
sglang,cache-disabled,8,2,0,0.2538268630160019,3,3,True
sglang,cache-disabled,8,2,1,0.24468408897519112,3,3,True
sglang,cache-disabled,8,2,2,0.26754726603394374,3,3,True
sglang,cache-disabled,8,2,3,0.23401988198747858,3,3,True
sglang,cache-disabled,8,2,4,0.26489361899439245,3,3,True
sglang,cache-disabled,8,2,5,0.2478716130135581,3,3,True
sglang,cache-disabled,8,2,6,0.25770743197062984,3,3,True
sglang,cache-disabled,8,2,7,0.2681506460066885,3,3,True
sglang,cache-disabled,8,2,8,0.2362678479985334,3,3,True
sglang,cache-disabled,8,2,9,0.257978969020769,3,3,True
sglang,cache-disabled,8,3,0,0.2566197770065628,0,3,False
sglang,cache-disabled,8,3,1,0.2466342769912444,0,3,False
sglang,cache-disabled,8,3,2,0.2673137449892238,0,3,False
sglang,cache-disabled,8,3,3,0.24054550495930016,0,3,False
sglang,cache-disabled,8,3,4,0.2568457629531622,0,3,False
sglang,cache-disabled,8,3,5,0.25483717501629144,0,3,False
sglang,cache-disabled,8,3,6,0.24242046102881432,0,3,False
sglang,cache-disabled,8,3,7,0.26660602999618277,0,3,False
sglang,cache-disabled,8,3,8,0.241623112000525,0,3,False
sglang,cache-disabled,8,3,9,0.2609542669961229,0,3,False
sglang,cache-disabled,8,4,0,0.2607593859429471,9,4,False
sglang,cache-disabled,8,4,1,0.24771229998441413,9,4,False
sglang,cache-disabled,8,4,2,0.2590198250254616,9,4,False
sglang,cache-disabled,8,4,3,0.2631709849811159,9,4,False
sglang,cache-disabled,8,4,4,0.2378928330144845,9,4,False
sglang,cache-disabled,8,4,5,0.26796576601918787,9,4,False
sglang,cache-disabled,8,4,6,0.24399282201193273,9,4,False
sglang,cache-disabled,8,4,7,0.2615587029722519,9,4,False
sglang,cache-disabled,8,4,8,0.26323741796659306,9,4,False
sglang,cache-disabled,8,4,9,0.2459892500191927,9,4,False
sglang,cache-disabled,8,5,0,0.2598678939975798,9,7,False
sglang,cache-disabled,8,5,1,0.2660338349523954,9,7,False
sglang,cache-disabled,8,5,2,0.24384664604440331,9,7,False
sglang,cache-disabled,8,5,3,0.26061373902484775,9,7,False
sglang,cache-disabled,8,5,4,0.264623777999077,9,7,False
sglang,cache-disabled,8,5,5,0.24271457601571456,9,7,False
sglang,cache-disabled,8,5,6,0.2582637080340646,9,7,False
sglang,cache-disabled,8,5,7,0.2372925590025261,9,7,False
sglang,cache-disabled,8,5,8,0.25454288598848507,9,7,False
sglang,cache-disabled,8,5,9,0.24225119600305334,9,7,False
sglang,cache-disabled,9,0,0,0.2499698189785704,0,7,False
sglang,cache-disabled,9,0,1,0.24586443498264998,0,7,False
sglang,cache-disabled,9,0,2,0.23921850603073835,0,7,False
sglang,cache-disabled,9,0,3,0.25294054101686925,0,7,False
sglang,cache-disabled,9,0,4,0.2390200889785774,0,7,False
sglang,cache-disabled,9,0,5,0.2577505380031653,0,7,False
sglang,cache-disabled,9,0,6,0.24336717202095315,0,7,False
sglang,cache-disabled,9,0,7,0.23877587995957583,0,7,False
sglang,cache-disabled,9,0,8,0.25889377697603777,0,7,False
sglang,cache-disabled,9,0,9,0.2417325699934736,0,7,False
sglang,cache-disabled,9,1,0,0.2426342879771255,9,2,False
sglang,cache-disabled,9,1,1,0.2565084990346804,9,2,False
sglang,cache-disabled,9,1,2,0.2350543380016461,9,2,False
sglang,cache-disabled,9,1,3,0.23828190995845944,9,2,False
sglang,cache-disabled,9,1,4,0.2559756789705716,9,2,False
sglang,cache-disabled,9,1,5,0.24353688501287252,9,2,False
sglang,cache-disabled,9,1,6,0.25735869602067396,9,2,False
sglang,cache-disabled,9,1,7,0.24847197096096352,9,2,False
sglang,cache-disabled,9,1,8,0.23716817499371246,9,2,False
sglang,cache-disabled,9,1,9,0.25533404399175197,9,2,False
sglang,cache-disabled,9,2,0,0.24724846001481637,7,3,False
sglang,cache-disabled,9,2,1,0.2526840759674087,7,3,False
sglang,cache-disabled,9,2,2,0.25214221701025963,7,3,False
sglang,cache-disabled,9,2,3,0.23520797200035304,7,3,False
sglang,cache-disabled,9,2,4,0.26569585100514814,7,3,False
sglang,cache-disabled,9,2,5,0.24260566395241767,7,3,False
sglang,cache-disabled,9,2,6,0.23824659700039774,7,3,False
sglang,cache-disabled,9,2,7,0.2649876709911041,7,3,False
sglang,cache-disabled,9,2,8,0.23612709698500112,7,3,False
sglang,cache-disabled,9,2,9,0.2403096029884182,7,3,False
sglang,cache-disabled,9,3,0,0.25442499900236726,2,2,True
sglang,cache-disabled,9,3,1,0.24444354698061943,2,2,True
sglang,cache-disabled,9,3,2,0.23538714100141078,2,2,True
sglang,cache-disabled,9,3,3,0.2549204269889742,2,2,True
sglang,cache-disabled,9,3,4,0.25035083101829514,2,2,True
sglang,cache-disabled,9,3,5,0.23627039400162175,2,2,True
sglang,cache-disabled,9,3,6,0.25447348004672676,2,2,True
sglang,cache-disabled,9,3,7,0.2465747760143131,2,2,True
sglang,cache-disabled,9,3,8,0.2397241269936785,2,2,True
sglang,cache-disabled,9,3,9,0.2584863040247001,2,2,True
sglang,cache-disabled,9,4,0,0.24563692999072373,7,4,False
sglang,cache-disabled,9,4,1,0.23660863697296008,7,4,False
sglang,cache-disabled,9,4,2,0.25335326499771327,7,4,False
sglang,cache-disabled,9,4,3,0.24485415796516463,7,4,False
sglang,cache-disabled,9,4,4,0.2342415830353275,7,4,False
sglang,cache-disabled,9,4,5,0.24578304297756404,7,4,False
sglang,cache-disabled,9,4,6,0.2563364349771291,7,4,False
sglang,cache-disabled,9,4,7,0.23586002498632297,7,4,False
sglang,cache-disabled,9,4,8,0.24409317696699873,7,4,False
sglang,cache-disabled,9,4,9,0.2588156350539066,7,4,False
sglang,cache-disabled,9,5,0,0.23316575295757502,8,0,False
sglang,cache-disabled,9,5,1,0.24895495100645348,8,0,False
sglang,cache-disabled,9,5,2,0.25305585603928193,8,0,False
sglang,cache-disabled,9,5,3,0.2395824470440857,8,0,False
sglang,cache-disabled,9,5,4,0.24273470597108826,8,0,False
sglang,cache-disabled,9,5,5,0.2569347429671325,8,0,False
sglang,cache-disabled,9,5,6,0.24493011104641482,8,0,False
sglang,cache-disabled,9,5,7,0.23416169499978423,8,0,False
sglang,cache-disabled,9,5,8,0.2534441630123183,8,0,False
sglang,cache-disabled,9,5,9,0.2544180729892105,8,0,False
